oracle_calls,scaffold,smiles,reward,penalized_reward,hydroxypyridine_raw_values,hydroxypyridine_reward,activation_energy_raw_values,activation_energy_reward
12,O=c1cccc[nH]1,N#Cc1c(O)c(=O)n(CC(O)=O)c(O)c1,0.1133745,0.1133745,1.0,1.0,47.864496227443794,0.1133745
12,N=C(NCc1ccccc1)NCc1cccnc1,O=[N+](c1cc(O)ncc1CNC(=NC)NCc1cc(O)ccc1)[O-],0.46421587,0.46421587,1.0,1.0,31.245397264272118,0.46421587
12,O=C(NCCc1ccccc1)c1cccnc1-c1cccnc1,O=[N+](c1ccccc1CCNC(c1c(-c2cccnc2)nc(O)c(C=O)c1)=O)[O-],0.20010644,0.20010644,1.0,1.0,42.03542267079664,0.20010644
12,C(=N/Nc1ccccc1)\c1cccnc1,c1(C)cnc(O)c(/C=N/Nc2c([N+]([O-])=O)cc([N+](=O)[O-])cc2)c1,0.0,0.0,1.0,1.0,1000.0,0.0
12,c1ccc(NCc2cccnc2)cc1,C(O)CCOc1c(O)c(O)cc(C(=O)NCCC)c1NCc1cnc(O)cc1,0.10440485,0.10440485,1.0,1.0,48.66782130594667,0.10440485
12,O=c1cc(Sc2ccccc2)ccn1Cc1ccccc1,c1c(N)cc(C)c(Cn2c(=O)c(O)c(Sc3ccc([N+]([O-])=O)cc3)c(O)c2O)c1,0.0,0.0,1.0,1.0,1000.0,0.0
12,c1ccncc1,O=[N+](c1cc(O)c(O)nc1)[O-],0.51669973,0.51669973,1.0,1.0,29.419576873259754,0.51669973
12,c1ccc2cnccc2c1,c1(C)c2c(c(O)nc1)c(O)c(OC)c(O)c2C,0.34196857,0.34196857,1.0,1.0,35.68520877102687,0.34196857
12,O=C(N/N=C\c1cccnc1)c1ccccc1,COc1ccc(C(=O)N/N=C\c2cnc(O)c(O)c2)c(O)c1,0.0,0.0,1.0,1.0,1000.0,0.0
12,c1cncc(Cc2cc3ccccc3c3ccccc23)c1,OC(c1c(N)ccc2c3ccccc3c(O)c(Cc3c(C(O)=O)c(C)c(O)nc3C)c21)=O,0.11765869,0.11765869,1.0,1.0,47.500252078132405,0.11765869
12,c1ccc(Cc2cccnc2)cc1,c1nc(O)c(Cc2c(O)c(CN)ccc2O)c(O)c1N,0.39351574,0.39351574,1.0,1.0,33.7571482613953,0.39351574
12,N=C(NCCCCCn1ccccc1=O)NCc1ccccn1,c1(O)c(O)nc(CNC(NCCCCCn2c(=O)cccc2)=NC)cc1O,0.058629762,0.058629762,1.0,1.0,54.112846514283206,0.058629762
27,c1ccncc1,O=[N+](c1ccc(O)c(O)n1)[O-],0.27636477,0.27636477,1.0,1.0,38.360739740868304,0.27636477
27,N=C(NCc1ccccc1)NCc1ccncc1,C(NC(C)c1c(O)cc(O)cc1)(NCc1ccnc(O)c1C)=NC,0.33263645,0.33263645,1.0,1.0,36.04785277116739,0.33263645
27,c1ccc(Cc2ccc(Nc3ncccc3-c3ccccc3)cc2)cc1,c1(N(c2nc(O)c(C=NC)c(O)c2-c2c(O)cc(O)cc2O)C)c(O)c(O)c(Cc2c(O)cc(C)cc2O)cc1,4.7656894e-08,4.7656894e-08,1.0,1.0,176.43748515707864,4.7656894e-08
27,c1ccncc1,CCCCOc1c([N+](=O)[O-])cc(CCl)c(O)n1,2.027345e-06,2.027345e-06,1.0,1.0,143.86142895267346,2.027345e-06
27,c1ccncc1,C(NCC)c1c(O)ccc(O)n1,0.066408336,0.066408336,1.0,1.0,52.958687163937896,0.066408336
27,O=C(Nc1ccccc1)c1cc2c(cn1)CC=CC2,c1(C(Nc2ccc(C#N)c(O)c2C)=O)c(O)c2c(c(O)n1)CC=C(O)C2O,4.741689e-13,4.741689e-13,1.0,1.0,276.4813394322492,4.741689e-13
27,O=C(N/N=C\c1ccccn1)c1ccccc1,N(\NC(c1c(O)ccc(OCC)c1)=O)=C\c1cc(O)cc(O)n1,0.0,0.0,1.0,1.0,1000.0,0.0
27,O=C(c1ccccn1)N1CCCCC1,C1CN(C(=O)c2c(O)ccc(O)n2)CCC1C(=O)O,1.1958609e-10,1.1958609e-10,1.0,1.0,228.4463865312579,1.1958609e-10
27,c1ccncc1,n1c(CO)cc(C#CCN)cc1O,0.15475763,0.15475763,1.0,1.0,44.74658362858066,0.15475763
27,O=C(Cc1ccccc1)Nc1ccc(Oc2cccc3ncccc23)cc1,n1c2c(c(Oc3cc(O)c(NC(Cc4c([N+](=O)[O-])cccc4)=O)cc3C)cc(C#N)c2O)ccc1O,0.07481797,0.07481797,1.0,1.0,51.84442486592841,0.07481797
27,O=C1CCC(NCc2ccncc2)=C1Nc1ccccc1,c1c(O)c(O)c(NC2=C(NCc3c(O)c(C)nc(O)c3O)CCC2=O)cc1CO,0.22471417,0.22471417,1.0,1.0,40.75662738868232,0.22471417
27,O=c1cc(/C=C/c2ccc(-c3cccnc3)cc2)cn[nH]1,c1(-c2ccc(O)nc2)ccc(/C=C/c2cc(=O)n(C)nc2O)cc1,0.0,0.0,1.0,1.0,1000.0,0.0
27,c1ccncc1,COc1c(O)c([N+]([O-])=O)cc(O)n1,0.0949849,0.0949849,1.0,1.0,49.58002555330969,0.0949849
27,c1cncc(CNCc2cc[nH]n2)c1,c1(C)n(C)nc(CNCc2cnc(O)cc2)c1O,0.37858242,0.37858242,1.0,1.0,34.30446202467529,0.37858242
27,O=C(N/N=C\c1ccncc1)c1ccccc1,O=[N+](c1cc(/C=N\NC(=O)c2cc(OCC)c(OC)cc2)cc(O)n1)[O-],0.0,0.0,1.0,1.0,1000.0,0.0
40,c1ccc(CN2CCCCC2)nc1,C1CCC(CCO)N(Cc2nc(O)c(OC)cc2)C1,3.3179617e-13,3.3179617e-13,1.0,1.0,279.5825728292939,3.3179617e-13
40,c1ccncc1,Oc1c(OC)cccn1,0.5105206,0.5105206,1.0,1.0,29.634423566984587,0.5105206
40,O=C(NCCc1ccccc1)Nc1cccnc1,c1c(SC)ccc([C@@H](O)CNC(Nc2c(O)ccnc2O)=O)c1,0.5796875,0.5796875,1.0,1.0,27.207568326618137,0.5796875
40,c1ccncc1,OC(c1ccc(O)c(O)n1)C,0.11030861,0.11030861,1.0,1.0,48.132599650247,0.11030861
40,c1ccc(-c2cc3ccccc3c3cnccc23)cc1,c1(C)cc2c(-c3ccc(O)cc3)c(C(=O)O)c3c(c2c(O)n1)cc(OC)cc3,0.13849176,0.13849176,1.0,1.0,45.87670936609614,0.13849176
40,c1ccncc1,O=[N+](c1cc(N)c(O)nc1)[O-],0.6161366,0.6161366,1.0,1.0,25.889992959017228,0.6161366
40,c1cnc2cnccc2c1,Nc1ccnc2c(O)ncc(O)c21,0.5296461,0.5296461,1.0,1.0,28.96878034218571,0.5296461
40,N=C(NCc1ccccc1)NCc1ccncc1,c1(O)c(C#N)c(O)c(CNC(=NC)NCc2ccnc(O)c2C)cc1O,0.48333955,0.48333955,1.0,1.0,30.579057503948444,0.48333955
40,c1ccn(Cc2ccncc2)c1,[N+](c1cc(CNC)cn1Cc1c(O)c(C)nc(O)c1)([O-])=O,0.15082732,0.15082732,1.0,1.0,45.01031958542188,0.15082732
40,O=c1cccc2scc(-c3cccnc3)n12,OC(=O)c1c2n(c(-c3cc(C)c(O)nc3)cs2)c(=O)c(O)c1O,0.27449983,0.27449983,1.0,1.0,38.44190809134388,0.27449983
40,N=C(NCc1ccccc1)NCc1cccnc1,Fc1cc(CNC(=NC)NCc2cnc(O)cc2[N+](=O)[O-])c(O)cc1CN,0.27814832,0.27814832,1.0,1.0,38.283430573652026,0.27814832
40,c1ccncc1,c1(CNC(NCCCO)=NC)c(O)nccc1CO,0.33864778,0.33864778,1.0,1.0,35.81369133583793,0.33864778
40,c1ccncc1,n1c(O)cc(O)c([N+]([O-])=O)c1,0.56533986,0.56533986,1.0,1.0,27.716804815009308,0.56533986
56,c1cncc(CNC2CCCC2)c1,Oc1cc(O)ncc1CNC1CCCC1,0.35371554,0.35371554,1.0,1.0,35.2353911547331,0.35371554
56,O=c1ccccn1-c1ccccc1,c1(O)c(=O)n(-c2ccc(C(=O)NC)cc2)c(O)cc1O,0.0,0.0,1.0,1.0,1000.0,0.0
56,c1ccc2cnccc2c1,c1(O)c2c(c(OC)c(OC)c1O)c(N)nc(O)c2O,0.19897352,0.19897352,1.0,1.0,42.097031550948,0.19897352
56,N=C(NCc1ccccc1)NCc1ccncc1,c1c(O)cc(CNC(NCc2c(O)c(O)ncc2)=NC)cc1,0.52696395,0.52696395,1.0,1.0,29.062266703626385,0.52696395
56,c1ccncc1,c1(C(F)(F)F)c(C)c(C(F)(F)F)c(O)c(O)n1,0.21181512,0.21181512,1.0,1.0,41.41342272990497,0.21181512
56,c1ccc(Cc2cccnc2)cc1,c1(O)c(Cc2c(O)c(CN)ccc2O)c(O)nc(CNCCC)c1O,0.01042893,0.01042893,1.0,1.0,69.54414534419047,0.01042893
56,c1ccc(C2=NCc3nnc(C4CCN(CCc5cnccn5)CC4)n3-c3cccnc32)cc1,c1(N)c(Cl)c(C2=NCc3nnc(C4CCN(CCc5cnc(O)cn5)CC4)n3-c3ccc(O)nc32)c(O)cc1,1.9442912e-06,1.9442912e-06,1.0,1.0,144.22475693815716,1.9442912e-06
56,c1ccncc1,c1(NCC)c(O)ncc([N+](=O)[O-])c1O,0.4189035,0.4189035,1.0,1.0,32.84268497993492,0.4189035
56,c1ccncc1,c1c(C#N)c(O)c(O)nc1,0.4618179,0.4618179,1.0,1.0,31.329169779066515,0.4618179
56,c1ccncc1,O=[N+]([O-])c1c(C)nc(O)c(C)c1O,0.12318002,0.12318002,1.0,1.0,47.04740359108228,0.12318002
56,c1ccncc1,COc1c(O)nc(CC)c(O)c1,0.0662361,0.0662361,1.0,1.0,52.98284627868183,0.0662361
56,c1ccc(-c2cccnc2)cc1,c1(-c2cc(C(=O)O)ccc2)cc(O)c(O)nc1,0.36625335,0.36625335,1.0,1.0,34.76268199282195,0.36625335
56,c1ccc(CNCc2ccncc2)cc1,c1(O)c(O)ccc(C(C)NCc2c(O)c(O)nc(S(=O)O)c2)c1[N+]([O-])=O,0.18726872,0.18726872,1.0,1.0,42.74963512888487,0.18726872
56,N=C(NCc1ccccc1)NCc1ccccn1,Oc1ccc(OC)c(CNC(=NC)NCc2nc(O)ccc2O)c1,0.07590554,0.07590554,1.0,1.0,51.708857719153094,0.07590554
56,c1ccc(CNc2ccncc2)cc1,C(OC)COc1ccc(CNc2c([N+]([O-])=O)cnc(O)c2SC)c(C)c1O,0.49553058,0.49553058,1.0,1.0,30.155287805924686,0.49553058
56,c1cncc(NCc2ccncc2)c1,c1c(O)nccc1CNc1cccnc1[N+]([O-])=O,0.37000096,0.37000096,1.0,1.0,34.622741105011684,0.37000096
72,N=C(NCc1ccccc1)NCc1ccncc1,[O-][N+](=O)c1c(O)nccc1CNC(NCc1cc(O)c(O)c(C#N)c1O)=NC,0.3349259,0.3349259,1.0,1.0,35.95842639602543,0.3349259
72,O=c1cccc[nH]1,OC(=O)c1cc(O)n(CCCO)c(=O)c1O,2.0091649e-07,2.0091649e-07,1.0,1.0,163.93968644180515,2.0091649e-07
72,c1ccncc1,CC(C)(NCc1c(O)c(O)ncc1)C,0.51164037,0.51164037,1.0,1.0,29.59549915431149,0.51164037
72,O=C(Cc1cccnc1)Nc1ccccc1,Fc1cc(NC(=O)C(C)c2cnc(O)c(C)c2)c(N)cc1CN,0.31341708,0.31341708,1.0,1.0,36.811406299230725,0.31341708
72,c1ccncc1,c1(O)c(O)nccc1,0.28371024,0.28371024,1.0,1.0,38.04427416290594,0.28371024
72,c1ccncc1,c1c(O)ncc(N)c1N=O,0.42538065,0.42538065,1.0,1.0,32.612050147838296,0.42538065
72,c1ccncc1,OCCNC(=NC)NCc1c(O)c(O)ncc1,0.43498054,0.43498054,1.0,1.0,32.27187098685532,0.43498054
72,c1ccncc1,Oc1cc(CN)c(O)nc1,0.6480571,0.6480571,1.0,1.0,24.69717902505487,0.6480571
72,c1cc(CNCc2cc[nH]n2)ccn1,Oc1cn(C)nc1CNCc1cc(O)ncc1,0.5895307,0.5895307,1.0,1.0,26.855485310912627,0.5895307
72,c1cc2c[nH]nc2cn1,c1(O)c2c(c(N)n(C)n2)c(O)c(C)n1,0.13302276,0.13302276,1.0,1.0,46.281634954592874,0.13302276
72,c1ccncc1,c1c([N+](=O)[O-])c(O)ncc1,0.44131416,0.44131416,1.0,1.0,32.048396037857145,0.44131416
72,c1ccncc1,O=[N+](c1cc(Cl)nc(O)c1)[O-],0.38258773,0.38258773,1.0,1.0,34.15688434656248,0.38258773
72,O=c1cc(-c2ccccc2)cc[nH]1,Cc1c(-c2cc(O)n(C)c(=O)c2O)cccc1O,0.0,0.0,1.0,1.0,1000.0,0.0
72,c1ccc2cnccc2c1,O(CCCNc1nc(O)c([N+]([O-])=O)c2c(C)cc(C)cc12),0.0002870736,0.0002870736,1.0,1.0,100.83764120965539,0.0002870736
72,O=c1cc(/C=C/Cc2ccc(-c3ccccc3)cc2)cc[nH]1,OCCCn1c(O)cc(/C=C/Cc2ccc(-c3ccc(C(NCCO)=O)cc3)cc2)cc1=O,0.0,0.0,1.0,1.0,1000.0,0.0
72,c1ccncc1,c1(O)c(O)nc(C(NC(NC)=NC)C)c(SC)c1,0.0012654287,0.0012654287,1.0,1.0,87.94424797175627,0.0012654287
88,N=C(NCCCNCc1ccccc1)NCc1ccccn1,Oc1ccc(CNC(=NC)NCCCN(C)Cc2ccccc2)nc1O,1.5839909e-08,1.5839909e-08,1.0,1.0,186.00494640547961,1.5839909e-08
88,O=S(=O)(NCCCc1ccccc1)c1cccnc1,c1c(SC)ccc([C@H](O)CCNS(c2c(O)nccc2O)(=O)=O)c1,0.46915033,0.46915033,1.0,1.0,31.073189839311013,0.46915033
88,c1cc(N2CCCCC2)ccn1,C1CN(c2c(C=O)c(O)nc(C)c2O)CCC1,0.08152795,0.08152795,1.0,1.0,51.03518864818123,0.08152795
88,c1ccncc1,Oc1c(O)nccc1O,0.42437723,0.42437723,1.0,1.0,32.64771778634352,0.42437723
88,O=C(COc1ccccc1)Nc1cccnc1,c1(O[C@@H](C)C(=O)Nc2c(O)nccc2)ccc(O)cc1,0.6490122,0.6490122,1.0,1.0,24.660783475561924,0.6490122
88,c1ccncc1,c1(N)cc([N+](=O)[O-])cc(O)n1,0.2292677,0.2292677,1.0,1.0,40.53121343542275,0.2292677
88,c1ccncc1,c1c(C(O)=O)c(O)c(C)c(O)n1,0.36790276,0.36790276,1.0,1.0,34.701016636808795,0.36790276
88,c1ccc(-c2cccnc2)cc1,c1(-c2cnc(O)c([N+]([O-])=O)c2)cc(C)ccc1,0.354368,0.354368,1.0,1.0,35.21061080559857,0.354368
88,c1ccncc1,c1(CNC(=O)NCCCCN)c(F)c(O)c(O)nc1,0.46861494,0.46861494,1.0,1.0,31.091864521252646,0.46861494
88,N=C(NCc1cccnc1)NCC(c1ccccc1)N1CCOCC1,N(C)=C(NCC(N1CCOCC1)c1ccc(OC)cc1O)NCc1cnc(O)cc1[N+]([O-])=O,0.41148585,0.41148585,1.0,1.0,33.10803991124617,0.41148585
88,O=C(CCCSc1cc(=O)cco1)Nc1cccnc1,c1(SCCCC(=O)Nc2c(O)ccnc2O)oc(O)cc(=O)c1O,0.8311831,0.8311831,1.0,1.0,16.15438427195387,0.8311831
88,c1ccncc1,[O-][N+](c1cc(O)ncc1)=O,0.35167578,0.35167578,1.0,1.0,35.312995251386454,0.35167578
88,c1ccncc1,O=[N+](c1cnc(O)c(O)c1O)[O-],0.5166133,0.5166133,1.0,1.0,29.422582643643985,0.5166133
88,c1cc2ccncc2cn1,c12c(cncc1O)c(O)ncc2,0.42003068,0.42003068,1.0,1.0,32.80248044793583,0.42003068
88,C(=NCCc1cccnc1)Nc1ccccc1,c1c(C(OCC)=O)cc(NC(=NCCc2c([N+](=O)[O-])cc(O)nc2)NCC)cc1,0.49698532,0.49698532,1.0,1.0,30.10474191780238,0.49698532
88,c1ccc(C(c2cccnc2)N2CCOCC2)cc1,O1CCN(C(c2cc([N+](=O)[O-])c(O)c(O)c2)c2cc(O)c(O)nc2)CC1,0.34057525,0.34057525,1.0,1.0,35.73904280879781,0.34057525
102,c1ccncc1,c1(O)cc(CNCCO)c(O)nc1,0.37191537,0.37191537,1.0,1.0,34.55148112913544,0.37191537
102,c1ccc(Oc2ccncc2)cc1,Fc1ccccc1Oc1ccnc(O)c1CN,0.47216588,0.47216588,1.0,1.0,30.96805690203117,0.47216588
102,c1ccncc1,c1(O)c(OC)cc([N+](=O)[O-])cn1,0.37061834,0.37061834,1.0,1.0,34.59974288278827,0.37061834
102,c1ccncc1,Oc1cc(O)c(O)nc1,0.39768663,0.39768663,1.0,1.0,33.6056298237848,0.39768663
102,c1ccncc1,n1c(O)c(C)cc(O)c1,0.54411846,0.54411846,1.0,1.0,28.46317085855153,0.54411846
102,O=C(NCc1ccccc1)NCc1cccnc1,CC(NC(=O)NCc1cccnc1O)c1c(O)cc(O)cc1,0.4725955,0.4725955,1.0,1.0,30.95308452597181,0.4725955
102,c1ccncc1,c1(O)c(C#N)c(C)nc(O)c1O,0.20108896,0.20108896,1.0,1.0,41.982203592298745,0.20108896
102,c1ccncc1,c1(C(O)=O)cc(O)ncc1[N+]([O-])=O,0.66775423,0.66775423,1.0,1.0,23.936857170805126,0.66775423
102,c1ccncc1,Oc1c(OC)cnc(O)c1,0.35442007,0.35442007,1.0,1.0,35.208634150756694,0.35442007
102,c1cncc(C2COc3ccccc32)c1,c1(O)ccnc(O)c1C1c2c(O)c(C#N)c(O)c(O)c2OC1,0.55672675,0.55672675,1.0,1.0,28.020588426490423,0.55672675
102,c1ccncc1,c1(O)ncc(Cl)c(O)c1[N+]([O-])=O,0.29570472,0.29570472,1.0,1.0,37.537930493193244,0.29570472
102,c1ccncc1,OC(c1cnc(O)c(O)c1C)=O,0.33336994,0.33336994,1.0,1.0,36.0191693131201,0.33336994
102,O=c1[nH]c(-c2cccnc2)cn2c(-c3ccccc3)ccc12,Oc1cc(-c2n3cc(-c4c(O)nccc4)n(C)c(=O)c3cc2)c(O)c(O)c1,0.44160897,0.44160897,1.0,1.0,32.03801075607157,0.44160897
102,N=C(NCc1cccnc1)NCc1cncs1,s1c(CNC(NCc2ccc(O)nc2)=NC)cnc1O,0.018332137,0.018332137,1.0,1.0,64.57502959608007,0.018332137
118,c1ccncc1,c1(C(=O)O)cccnc1O,0.4104605,0.4104605,1.0,1.0,33.144830791700365,0.4104605
118,N=C(NCc1ccccc1)NCc1ccncc1,n1c(O)c(C)c(CNC(=NC)NC(c2cccc(O)c2O)C)cc1,0.44721645,0.44721645,1.0,1.0,31.840746877802335,0.44721645
118,c1ccncc1,O(C)c1c(O)c([N+](=O)[O-])cnc1O,0.34194174,0.34194174,1.0,1.0,35.68624416165111,0.34194174
118,c1ccncc1,OCCCNC(NCc1c(O)nccc1O)=NC,0.39667958,0.39667958,1.0,1.0,33.64216342536009,0.39667958
118,c1ccncc1,n1cc(O)c([N+](=O)[O-])cc1O,0.31815407,0.31815407,1.0,1.0,36.62097599912427,0.31815407
118,c1ccncc1,c1cc(OC)c(O)nc1CN,0.1680544,0.1680544,1.0,1.0,43.89290091476868,0.1680544
118,N=C(NCc1ccncc1)NCc1cc[nH]n1,c1(O)c(C)n(C)nc1CNC(=NC)NCc1c(O)c(O)ncc1,0.67098504,0.67098504,1.0,1.0,23.810056331389937,0.67098504
118,c1ccncc1,O=[N+](c1c(O)nccc1O)[O-],0.5278047,0.5278047,1.0,1.0,29.03296828628822,0.5278047
118,O=C(CN1CCN(c2ccccn2)CC1)Nc1cccnc1,N1(c2c(C)c([N+]([O-])=O)ccn2)CCN(CC(=O)Nc2c(O)ccnc2O)CC1,0.4897034,0.4897034,1.0,1.0,30.357791388321225,0.4897034
118,O=c1ccncn1Cc1ccccn1,n1c(C)n(Cc2nc(O)c(O)c([N+](=O)[O-])c2O)c(=O)c(O)c1,2.0907213e-12,2.0907213e-12,1.0,1.0,263.59407696189726,2.0907213e-12
118,c1ccc(SCCNCc2cccnc2)cc1,c1cc(SCCNCc2cnc(O)cc2[N+](=O)[O-])ccc1O,0.57515794,0.57515794,1.0,1.0,27.368806885992466,0.57515794
118,c1ccncc1,c1cc(O)ncc1CO,0.515674,0.515674,1.0,1.0,29.45525078686024,0.515674
118,c1ccncc1,c1nc(O)c(O)c(C#N)c1O,0.44934505,0.44934505,1.0,1.0,31.76599167414726,0.44934505
118,N=C(NCc1cccnc1)Nc1ccccc1,c1(NC(NCc2cnc(O)c(O)c2)=NC)c(O)c(CC)c(O)c(O)c1O,0.62741894,0.62741894,1.0,1.0,25.473263917286456,0.62741894
118,c1ccncc1,c1(N)c(N)c(N)c(O)nc1,0.36049342,0.36049342,1.0,1.0,34.97895313305038,0.36049342
118,c1ccncc1,C(Cc1c(O)nccc1O)CC,0.47956872,0.47956872,1.0,1.0,30.71025090970665,0.47956872
131,N=C(NCc1ccccc1)NCc1cccnc1,O=[N+](c1c(CNC(=NC)NCc2ccc(O)c(O)c2C)c(O)ncc1)[O-],0.51181513,0.51181513,1.0,1.0,29.58942486260826,0.51181513
131,N=C(NCc1ccncc1)NCc1ccn[nH]1,n1n(C)c(CNC(=NC)NCc2ccnc(O)c2C)cc1,0.4151582,0.4151582,1.0,1.0,32.97649510018909,0.4151582
131,c1ccncc1,Oc1ccc(O)cn1,0.22059642,0.22059642,1.0,1.0,40.96327880869337,0.22059642
131,c1ccncc1,n1c(C)c(O)c(O)c(O)c1O,0.23069139,0.23069139,1.0,1.0,40.46138418114981,0.23069139
131,c1ccncc1,FC(F)(F)c1cc([N+]([O-])=O)c(O)nc1,0.51641774,0.51641774,1.0,1.0,29.42938484633493,0.51641774
131,c1ccncc1,c1c(N)nc(O)c(OC)c1,0.19738448,0.19738448,1.0,1.0,42.18389141235609,0.19738448
131,N=C(NC(=O)c1cccnc1)Nc1ccccc1,c1(C(=O)NC(Nc2ccccc2O)=NCCCOC)cc(C)c(O)nc1,0.4254084,0.4254084,1.0,1.0,32.6110649579583,0.4254084
131,c1ccc(CCCNCc2ccccn2)cc1,c1cccc(CCCNCc2nc(O)ccc2O)c1N,4.0528354e-09,4.0528354e-09,1.0,1.0,197.84482026247284,4.0528354e-09
131,c1cncc(CNc2ccc3ccccc3c2)c1,N(c1cc(O)c2cc(O)ccc2c1O)Cc1c(O)c(C#N)c(O)nc1C,0.1131482,0.1131482,1.0,1.0,47.884068247940704,0.1131482
131,N=C(NCc1cccnc1)NC1CCCCC1,C1CCCC(NC(NCc2cnc(O)cc2[N+]([O-])=O)=NC)C1,0.33083788,0.33083788,1.0,1.0,36.11832208511225,0.33083788
131,c1ccncc1,O(C)c1c([N+]([O-])=O)nc(O)cc1,0.15785466,0.15785466,1.0,1.0,44.54259284874576,0.15785466
131,c1ccncc1,c1(N)c(O)ncc([N+]([O-])=O)c1O,0.40202007,0.40202007,1.0,1.0,33.448777555649315,0.40202007
131,c1ccncc1,Oc1c(OC)ccnc1O,0.6133578,0.6133578,1.0,1.0,25.99190677270076,0.6133578
148,N=C(NCc1ccccc1)NCc1cccnc1,Oc1ncc(CNC(=NC)NCc2cc(O)ccc2)cc1,0.25417963,0.25417963,1.0,1.0,39.3498703746412,0.25417963
148,N=C(NCc1ccccc1)NCc1cccnc1,c1(CNC(=NC)NCc2cnc(O)cc2[N+](=O)[O-])c([N+]([O-])=O)cc(O)c(O)c1,0.33184594,0.33184594,1.0,1.0,36.078801538438505,0.33184594
148,O=C(Nc1ccccc1)c1ccncc1,Nc1c(O)c(NC(=O)c2ccnc(O)c2)ccc1,0.5425154,0.5425154,1.0,1.0,28.5192890308187,0.5425154
148,c1ccc2cnccc2c1,c12c(c(O)ncc1)c(O)cc(O)c2[N+]([O-])=O,0.47860053,0.47860053,1.0,1.0,30.743948168460804,0.47860053
148,c1ccncc1,Oc1cc(O)c(CN)cn1,0.36094958,0.36094958,1.0,1.0,34.961771923655746,0.36094958
148,c1ccncc1,Cc1cc([N+]([O-])=O)cnc1O,0.44968686,0.44968686,1.0,1.0,31.75399369300029,0.44968686
148,c1ccncc1,c1c(CNCCO)cnc(O)c1O,0.451051,0.451051,1.0,1.0,31.706127270317616,0.451051
148,c1ccncc1,Oc1c(CCN)ccnc1O,0.37145206,0.37145206,1.0,1.0,34.56871253929215,0.37145206
148,C(=NCc1ccccc1)NCc1ccncc1,C(N=C(NCc1ccnc(O)c1O)NCCCO)c1ccc(O)c(O)c1C,0.48138812,0.48138812,1.0,1.0,30.646941478860263,0.48138812
148,c1ccncc1,c1c(CC(O)=O)ccnc1O,0.42046648,0.42046648,1.0,1.0,32.78694331335659,0.42046648
148,c1ccncc1,[O-][N+](c1cc(NCC)nc(O)c1N)=O,0.19790035,0.19790035,1.0,1.0,42.15563466074188,0.19790035
148,N=C(NCc1ccccc1)NCc1cccnc1,N(C(NCc1c(C)nc(O)c(CN)c1)=NC)C(c1ccc(O)c(O)c1)C,0.13394026,0.13394026,1.0,1.0,46.212734414347054,0.13394026
148,c1ccc2cnccc2c1,c1(O)c(O)c2c(N)c(C#N)c(O)cc2c(C)n1,0.22440697,0.22440697,1.0,1.0,40.77195117004947,0.22440697
148,c1ccncc1,Oc1cnc(O)c(N)c1,0.32322392,0.32322392,1.0,1.0,36.418830097153084,0.32322392
148,O=C(NCc1ccccc1)NCc1cccnc1,c1(C)c(O)c(CNC(NCc2cnc(O)c(C)c2)=O)c(O)cc1,0.38669473,0.38669473,1.0,1.0,34.00616912109619,0.38669473
148,c1ccncc1,[O-][N+](=O)c1c(O)c(O)cc(O)n1,0.2095486,0.2095486,1.0,1.0,41.53180866728566,0.2095486
148,c1ccncc1,CC(C)OCCCNC(Nc1c(O)nccc1O)=O,0.44030124,0.44030124,1.0,1.0,32.084088776743414,0.44030124
167,O=C(Cc1ccncc1)Nc1cccnc1,c1c(CC(=O)Nc2cnc(O)c(C)c2)ccnc1,0.27678716,0.27678716,1.0,1.0,38.34240391403503,0.27678716
167,c1ccncc1,NC(=O)c1cc(O)c(O)c(O)n1,0.31581038,0.31581038,1.0,1.0,36.7150020187127,0.31581038
167,c1ccncc1,c1(CCCO)cnc(O)c(C)c1C,0.26297313,0.26297313,1.0,1.0,38.951439509189974,0.26297313
167,O=C(NCCc1cccnc1)Nc1cc(Cc2ccccc2)cn2cncc12,n12c(cnc1O)c(NC(=O)NCCc1cnc(O)c([N+]([O-])=O)c1)c(O)c(Cc1c(O)c(C)ccc1O)c2C,0.3426011,0.3426011,1.0,1.0,35.66080492757226,0.3426011
167,c1cncc(-c2ccc[nH]2)c1,Cc1n(C)c(-c2cnc(O)c(OC)c2)c([N+](=O)[O-])c1C(O)=O,0.36681226,0.36681226,1.0,1.0,34.741773377146174,0.36681226
167,c1ccncc1,Fc1cccnc1O,0.29739308,0.29739308,1.0,1.0,37.46763060681149,0.29739308
167,c1ccncc1,c1(CN)c(O)c(O)ncc1,0.11744151,0.11744151,1.0,1.0,47.518437302688355,0.11744151
167,O=C(Nc1cccnc1)c1ccccc1,c1nc(O)c(NC(c2c(O)c(C#N)c(O)c(O)c2)=O)cc1,0.41838288,0.41838288,1.0,1.0,32.86126553546104,0.41838288
167,O=C(OCc1ccccc1)c1cccnc1,c1(COC(=O)c2cc(O)c(O)nc2)ccc(OC)cc1,0.49706244,0.49706244,1.0,1.0,30.10206245233599,0.49706244
167,c1ccncc1,c1c(C)nc(O)c(O)c1C,0.18315162,0.18315162,1.0,1.0,42.9866140817586,0.18315162
167,O=C(COc1ccccc1)NCc1cccnc1,c1ccccc1O[C@@H](C(=O)NCc1cnc(O)cc1[N+](=O)[O-])C,0.35574722,0.35574722,1.0,1.0,35.158295340755664,0.35574722
167,c1cncc(CN2CCSCC2)c1,C(N1CCSCC1)c1c(O)cc(O)nc1,0.33052993,0.33052993,1.0,1.0,36.13040791758393,0.33052993
167,C(=NCc1cccnc1)NCc1ccccc1,NC(=NCc1cnc(O)cc1[N+](=O)[O-])NCc1cc(O)c(O)c(C#N)c1O,0.36754498,0.36754498,1.0,1.0,34.714382588597566,0.36754498
167,c1ccncc1,c1c(CO)c(O)c(O)nc1,0.3397335,0.3397335,1.0,1.0,35.77161682559408,0.3397335
167,c1ccncc1,c1c(CN(C)C(CCCNC(O)=O)=O)ccnc1O,0.23938891,0.23938891,1.0,1.0,40.04117246183965,0.23938891
167,c1ccncc1,Brc1cc(O)ncc1[N+]([O-])=O,0.43178993,0.43178993,1.0,1.0,32.38472856577133,0.43178993
167,c1cncc(CNCc2cc[nH]n2)c1,c1nc(O)c(O)cc1CNCc1c(O)c(C)n(C)n1,0.38486525,0.38486525,1.0,1.0,34.073231058578024,0.38486525
167,c1ccncc1,c1(O)ncc([N+]([O-])=O)c(O)c1NC(CCC(=O)NCCC)=O,0.6206713,0.6206713,1.0,1.0,25.723081714000635,0.6206713
167,c1ccc(Sc2ccncc2)cc1,S(c1c([N+]([O-])=O)cnc(O)c1O)c1ccccc1[C@H](O)C,0.36405355,0.36405355,1.0,1.0,34.8451053622425,0.36405355
182,c1ccncc1,OC(c1c(O)c(O)c(O)nc1)=O,0.494315,0.494315,1.0,1.0,30.197525468627454,0.494315
182,c1ccncc1,n1c(O)c([C@@H](O)C)c(O)c(O)c1,0.14629035,0.14629035,1.0,1.0,45.32189058949177,0.14629035
182,c1ccncc1,c1cccnc1O,0.2673105,0.2673105,1.0,1.0,38.758078739846866,0.2673105
182,O=C(NCc1ccncc1)c1ccccc1,c1(SCC(=O)O)cc(C(=O)NCc2ccnc(O)c2OCCO)c(O)c(O)c1,0.22767815,0.22767815,1.0,1.0,40.60953916797302,0.22767815
182,c1ccncc1,[O-][N+](c1c(O)nccc1OC)=O,0.48178783,0.48178783,1.0,1.0,30.63303586891482,0.48178783
182,c1ccncc1,Clc1c(C#N)c(O)ncc1[N+]([O-])=O,0.73271406,0.73271406,1.0,1.0,21.240831741548305,0.73271406
182,c1cncc(CNC2CCCCC2)c1,c1c(CN[C@H]2CCCC[C@@H]2C)cnc(O)c1C(OC)=O,0.32380688,0.32380688,1.0,1.0,36.395693822842865,0.32380688
182,O=C(NCc1ccccc1)c1ccccn1,[C@@H](C)(NC(=O)c1cc([N+](=O)[O-])cc(O)n1)c1c(SC)cccc1,0.069230646,0.069230646,1.0,1.0,52.57087375876565,0.069230646
182,c1ccncc1,c1(O)c(C(=O)O)c(O)ncc1,0.43089503,0.43089503,1.0,1.0,32.41641779420286,0.43089503
182,O=C(NCc1ccccc1)NCc1ccncc1,c1(CNC(NCc2c(O)c(O)ncc2)=O)cccc(O)c1,0.36308014,0.36308014,1.0,1.0,34.881645238921955,0.36308014
182,c1ccncc1,CNCc1cnc(O)c(CN)c1,0.36603504,0.36603504,1.0,1.0,34.77085216617253,0.36603504
182,N=C(NCc1ccccc1)NCc1ccncc1,C(NCc1cc(O)ncc1)(=NC)NCc1c(C)c(O)c(O)c(C#N)c1O,0.42047405,0.42047405,1.0,1.0,32.786673484291626,0.42047405
182,N=C(NCCc1cccnc1)NCc1ccccc1,N(O)=C(NCCc1cnc(O)cc1[N+](=O)[O-])NCc1ccc(O)c(O)c1C,0.5149818,0.5149818,1.0,1.0,29.479322050283916,0.5149818
182,c1ccncc1,Oc1cc([N+]([O-])=O)c(O)nc1,0.32162967,0.32162967,1.0,1.0,36.48221482912476,0.32162967
182,c1ccncc1,Oc1ncc([N+]([O-])=O)c(O)c1[N+]([O-])=O,0.44074014,0.44074014,1.0,1.0,32.068620668198655,0.44074014
197,c1ccc(Oc2ccncc2)cc1,Oc1c(Oc2c([N+]([O-])=O)cnc(O)c2)c(C)c(SN)cc1,0.38409007,0.38409007,1.0,1.0,34.101682338114074,0.38409007
197,c1ccncc1,Fc1c([N+]([O-])=O)c(O)ncc1[N+](=O)[O-],0.543349,0.543349,1.0,1.0,28.490109840277096,0.543349
197,c1ccncc1,C(N)(Cc1c(O)nccc1O)C,0.36219165,0.36219165,1.0,1.0,34.91503501803067,0.36219165
197,c1ccncc1,Oc1c([N+](=O)[O-])ccnc1O,0.5935171,0.5935171,1.0,1.0,26.71218097231953,0.5935171
197,O=c1ncccn1Cc1ccccn1,n1c(=O)n(Cc2nc(O)c(OC)cc2)c(O)cc1,0.044653486,0.044653486,1.0,1.0,56.606111082304714,0.044653486
197,N=C(NCc1cccnc1)Nc1ccccc1,N(C(NCc1c([N+]([O-])=O)cc(O)nc1)=NC)c1ccc(O)cc1,0.36576533,0.36576533,1.0,1.0,34.78094879360291,0.36576533
197,O=c1cccc[nH]1,n1(C)c(O)cc(C#N)c(O)c1=O,0.0,0.0,1.0,1.0,1000.0,0.0
197,O=C(Nc1cccnc1)c1ccccc1,N(c1cnc(O)c(O)c1)C(c1ccc(O)c(C#N)c1O)=O,0.350299,0.350299,1.0,1.0,35.365492693987434,0.350299
197,c1ccncc1,[O-][N+](=O)c1ccnc(O)c1C,0.3585235,0.3585235,1.0,1.0,35.05326280497323,0.3585235
197,c1ccncc1,O=C(NCC(=O)O)c1ccc([N+](=O)[O-])c(O)n1,0.0014370277,0.0014370277,1.0,1.0,86.83820604786835,0.0014370277
197,c1ccncc1,Cc1c(O)ncc([N+]([O-])=O)c1O,0.4047853,0.4047853,1.0,1.0,33.348978448894464,0.4047853
197,c1ccncc1,c1c(O)ncc([N+]([O-])=O)c1,0.43676656,0.43676656,1.0,1.0,32.208781184329645,0.43676656
197,c1ccncc1,N(CCCCNC(NCc1c(O)nccc1CO)=NC)C(=O)O,0.07287921,0.07287921,1.0,1.0,52.090653308457156,0.07287921
197,c1ccncc1,[O-][N+](c1c(CNC(=NC)NCCO)ccnc1O)=O,0.5044883,0.5044883,1.0,1.0,29.84405565698991,0.5044883
197,c1ccc2cnccc2c1,Oc1c2c(c(O)ncc2)ccc1,0.37716377,0.37716377,1.0,1.0,34.35687789104235,0.37716377
210,c1ccncc1,c1c(S(=O)(=O)NCCO)c(O)ncc1,0.38815123,0.38815123,1.0,1.0,33.95286219125574,0.38815123
210,c1ccncc1,c1c([N+]([O-])=O)cnc(O)c1[N+](=O)[O-],0.4201148,0.4201148,1.0,1.0,32.7994809526424,0.4201148
210,O=c1cccc[nH]1,C(CO)n1c(O)cc([N+](=O)[O-])c(O)c1=O,0.000101073856,0.000101073856,1.0,1.0,109.90634537787518,0.000101073856
210,N=C(NCc1ccccc1)NCc1ccncc1,c1(O)cc([N+](=O)[O-])c(CNC(=NC)NCc2c(O)c(O)ncc2)cc1,0.547404,0.547404,1.0,1.0,28.348054245538155,0.547404
210,c1ccncc1,c1(O)c(C#N)c(O)ncc1,0.32930252,0.32930252,1.0,1.0,36.178632020665205,0.32930252
210,O=C(NCc1ccccc1)c1cccnc1,c1c([C@H](NC(c2cnc(O)cc2[N+]([O-])=O)=O)C)cc(O)c(O)c1O,0.3508347,0.3508347,1.0,1.0,35.34505471042493,0.3508347
210,c1ccc(CNCc2ccc(Oc3cccnc3)cc2)cc1,c1c(Oc2ccc(CNCc3cc(CO)c(O)cc3O)c(O)c2C#N)c(O)ncc1,0.62183046,0.62183046,1.0,1.0,25.680291842977425,0.62183046
210,c1ccncc1,c1c(O)nccc1N,0.3575496,0.3575496,1.0,1.0,35.09006623562685,0.3575496
210,c1ccncc1,c1(OC)c(N)c(O)ncc1,0.36948276,0.36948276,1.0,1.0,34.64205584662523,0.36948276
210,O=C(N/N=C\c1cccnc1)c1ccccc1,c1([N+]([O-])=O)c(/C=N\NC(c2ccc(OCC)cc2)=O)c(O)ncc1,0.0,0.0,1.0,1.0,1000.0,0.0
210,N=C(NCc1ccncc1)Nc1ccccc1,c1(C(=O)O)c(CNC(=NC)Nc2c(O)c(C#N)c(O)c(O)c2O)c(C)cnc1O,0.26188573,0.26188573,1.0,1.0,39.00023464589084,0.26188573
210,c1ccncc1,c1c(O)nccc1CNC(=NC)NCCCOCC,0.3699235,0.3699235,1.0,1.0,34.62562764859044,0.3699235
210,c1ccncc1,Oc1c([N+]([O-])=O)c(O)c(O)cn1,0.40719467,0.40719467,1.0,1.0,33.26220016372921,0.40719467
228,c1ccncc1,Oc1ncccc1CN,0.5813231,0.5813231,1.0,1.0,27.14922877081625,0.5813231
228,O=C1CC(c2ccncc2)CC(=O)O1,c1([N+](=O)[O-])cnc(O)cc1C1CC(=O)OC(=O)C1,0.3991233,0.3991233,1.0,1.0,33.55356536273,0.3991233
228,N=C(NCc1ccccc1)NCc1ccncc1,N(Cc1ccnc(O)c1O)C(NC(c1c(O)cc(O)cc1)C)=NC,0.39942187,0.39942187,1.0,1.0,33.54275337447567,0.39942187
228,c1ccncc1,c1(C)cc(CNC(F)(F)F)nc(O)c1[N+]([O-])=O,0.0147064915,0.0147064915,1.0,1.0,66.52113100309,0.0147064915
228,c1ccncc1,NCc1c(O)c([N+]([O-])=O)cnc1O,0.41254315,0.41254315,1.0,1.0,33.07013206390708,0.41254315
228,c1ccncc1,[O-][N+](c1c(C(O)=O)cnc(O)c1O)=O,0.59265304,0.59265304,1.0,1.0,26.743280341850127,0.59265304
228,c1cc2[nH]ccc2cn1,c12c(c(O)ncc1)c(CN)cn2C,0.2625552,0.2625552,1.0,1.0,38.970176942075284,0.2625552
228,c1cc(CNCc2ccncc2)ccn1,O=[N+]([O-])c1cnc(O)cc1CN(Cc1ccncc1)C,0.5167453,0.5167453,1.0,1.0,29.41798927428832,0.5167453
228,c1ccncc1,C(NCc1c(O)ccnc1O)C,0.5504652,0.5504652,1.0,1.0,28.240668549242837,0.5504652
228,c1ccncc1,c1c(C)c([N+](=O)[O-])cnc1O,0.43366477,0.43366477,1.0,1.0,32.31838826416859,0.43366477
228,c1ccncc1,c1(S(O)=O)ccnc(O)c1O,0.64596194,0.64596194,1.0,1.0,24.77686017807426,0.64596194
228,c1ccncc1,Oc1c(C(=O)O)cnc(O)c1Cl,0.4537048,0.4537048,1.0,1.0,31.613080165509462,0.4537048
228,c1ccncc1,c1ccnc(O)c1Cl,0.26361522,0.26361522,1.0,1.0,38.92268702508145,0.26361522
228,O=C(NCc1ccccc1)Nc1cccnc1,c1(O)c(OC)cccc1CNC(Nc1c(O)nccc1O)=O,0.4278017,0.4278017,1.0,1.0,32.526081349885764,0.4278017
228,c1ccncc1,c1([N+]([O-])=O)cnc(O)c(F)c1O,0.4995877,0.4995877,1.0,1.0,30.014324077680698,0.4995877
228,c1ccc2cnccc2c1,c1(O)c2c(OC)cc(O)cc2c(O)nc1,0.36360058,0.36360058,1.0,1.0,34.86210459388797,0.36360058
228,O=C(Nc1cccnc1)c1cccs1,c1(O)c(C#N)cnc(O)c1NC(=O)c1sc(C#CCN)c(O)c1,0.8071437,0.8071437,1.0,1.0,17.565659354225367,0.8071437
228,c1ccncc1,c1(C#CCN)c(O)nccc1O,0.5466296,0.5466296,1.0,1.0,28.375200305385004,0.5466296
246,C(=Nc1ccccc1)c1ccncc1,c1c(O)c(O)ccc1N=Cc1c(O)c(O)ncc1,0.2582105,0.2582105,1.0,1.0,39.16613560063749,0.2582105
246,N=C(NCc1ccccc1)NCc1ccncc1,c1(O)cccc(O)c1CNC(=NC)NCc1c(O)c(O)ncc1,0.44642413,0.44642413,1.0,1.0,31.86858947317398,0.44642413
246,c1ccc(CNCCc2cccnc2)cc1,c1cc(O)c(CNCCc2c([N+](=O)[O-])cc(O)nc2)c(O)c1N,0.19835591,0.19835591,1.0,1.0,42.130728809702156,0.19835591
246,c1ccc(Oc2cccnc2)cc1,c1c([N+](=O)[O-])cnc(O)c1Oc1c(CN)ccc(O)c1O,0.6613986,0.6613986,1.0,1.0,24.184510059837468,0.6613986
246,c1cc(CNCC2CCOCC2)ccn1,c1cnc(O)c([N+](=O)[O-])c1CNCC1(O)CCOCC1,0.29727808,0.29727808,1.0,1.0,37.47241222900266,0.29727808
246,c1ccncc1,NC(=O)c1cnc(O)cc1CN,0.3071119,0.3071119,1.0,1.0,37.06732976311997,0.3071119
246,O=C(C=Cc1cccnc1)OCCOc1ccccc1,c1ccccc1OCCOC(C=Cc1cnc(O)c(CN)c1)=O,0.36607644,0.36607644,1.0,1.0,34.76930221776374,0.36607644
246,c1cncc(CNCc2ccncc2)c1,n1ccc(CNCc2ccc(O)nc2)cc1,0.2948914,0.2948914,1.0,1.0,37.57187875573995,0.2948914
246,c1ccncc1,OCc1c(O)ncc(O)c1O,0.4427325,0.4427325,1.0,1.0,31.998446283726558,0.4427325
246,c1cnc2ccncc2c1,c12c(c(O)ncc1O)cc([N+](=O)[O-])cn2,0.45024973,0.45024973,1.0,1.0,31.73423969476314,0.45024973
246,c1ccncc1,Oc1cnc(O)c(O)c1CNC(O)=O,0.22602725,0.22602725,1.0,1.0,40.69129737734953,0.22602725
246,c1ccncc1,c1(O)c(O)ncc(C(OCC)=O)c1O,0.36777508,0.36777508,1.0,1.0,34.70578570880499,0.36777508
246,c1ccncc1,c1(O)ncc([N+]([O-])=O)c(C(=O)O)c1O,0.70579773,0.70579773,1.0,1.0,22.399314632184318,0.70579773
246,N=C(NCc1ccncc1)Nc1ccccc1,c1(O)c(C)c(NC(=NC)NCc2c(O)c(O)ncc2)ccc1F,0.43237177,0.43237177,1.0,1.0,32.364133704831794,0.43237177
246,c1ccncc1,c1(O)c(C#N)c(O)ncc1[N+](=O)[O-],0.487674,0.487674,1.0,1.0,30.42833600338244,0.487674
246,c1ccncc1,Oc1c([N+]([O-])=O)c(O)c(O)nc1,0.6456496,0.6456496,1.0,1.0,24.788720107134427,0.6456496
246,c1ccc(CNCc2ccncc2)cc1,c1(O)cc(O)ccc1CNCc1ccnc(O)c1,0.7166416,0.7166416,1.0,1.0,21.94068050777725,0.7166416
246,c1ccncc1,c1c(C)ccnc1O,0.40752256,0.40752256,1.0,1.0,33.25040298561272,0.40752256
257,c1ccncc1,Oc1nccc(O)c1C,0.31063783,0.31063783,1.0,1.0,36.92386227206795,0.31063783
257,c1ccncc1,n1c(O)c(C=O)c(N)c(O)c1,0.31649747,0.31649747,1.0,1.0,36.68739787695201,0.31649747
257,c1ccncc1,c1(C(O)=O)c(O)ncc(OC)c1O,0.32425722,0.32425722,1.0,1.0,36.37783490320476,0.32425722
257,O=C(NCc1ccncc1)NCc1cc[nH]n1,N(Cc1c(O)c(O)ncc1)C(NCc1c(O)c(C)n(C)n1)=O,0.32927987,0.32927987,1.0,1.0,36.17952308412076,0.32927987
257,c1ccncc1,c1(O)c(CNC(=NC)NCCO)c(O)ncc1,0.2556528,0.2556528,1.0,1.0,39.28250095751394,0.2556528
257,c1ccc(COc2cccnc2)cc1,O=[N+](c1c(COc2c(O)nccc2)cccc1)[O-],0.32838967,0.32838967,1.0,1.0,36.21455693805379,0.32838967
257,c1ccc(Oc2ccncc2)nc1,O(c1ccc(O)cn1)c1c(N)c(O)ncc1,0.50519913,0.50519913,1.0,1.0,29.819356884089295,0.50519913
257,C(=NCc1cccnc1)Nc1ccccc1,O=[N+](c1c(O)c(NC(=NCc2cccnc2O)NCCCOC)ccc1)[O-],0.357607,0.357607,1.0,1.0,35.08789505283638,0.357607
257,c1ccncc1,n1c(O)c([N+](=O)[O-])c(O)c(O)c1[N+](=O)[O-],0.048244543,0.048244543,1.0,1.0,55.90154344483274,0.048244543
257,c1ccncc1,Brc1cc(O)c(O)nc1,0.35487926,0.35487926,1.0,1.0,35.1912082126603,0.35487926
257,C(=NCc1cc[nH]n1)NCc1ccncc1,c1(CN=C(NCc2c([N+]([O-])=O)c(O)ncc2)NCC)c(O)c(C)n(C)n1,0.35891652,0.35891652,1.0,1.0,35.0384222059277,0.35891652
270,N=C(NCc1ccncc1)NCc1ccncc1,C(=O)(Nc1cc(CNC(=NC)NCc2c(O)c(O)ncc2)ccn1)O,0.3976278,0.3976278,1.0,1.0,33.60776335599925,0.3976278
270,c1ccncc1,c1(O)ncc(O)cc1CNCC,0.40726775,0.40726775,1.0,1.0,33.2595708990249,0.40726775
270,c1ccncc1,c1([N+](=O)[O-])c(O)ncc(Br)c1O,0.3294085,0.3294085,1.0,1.0,36.174465357760454,0.3294085
270,c1ccncc1,C(COC)Oc1ccnc(O)c1F,0.5822545,0.5822545,1.0,1.0,27.115977043785417,0.5822545
270,N=C(NCc1cccnc1)Nc1ccc2c(c1)CCO2,c1c2c(ccc1NC(NCc1cnc(O)c(O)c1F)=NC)OC[C@@H]2CO,0.36567968,0.36567968,1.0,1.0,34.7841553670087,0.36567968
270,c1cc(CN2CCCC2)ccn1,OC([C@@H]1N(Cc2c(O)c(O)ncc2)CCC1)=O,0.24256076,0.24256076,1.0,1.0,39.89054508768917,0.24256076
270,c1ccncc1,[O-][N+](c1c(O)c(O)ncc1C)=O,0.48939413,0.48939413,1.0,1.0,30.368540625605117,0.48939413
270,c1ccncc1,C(C)Oc1c(O)ncc([N+]([O-])=O)c1O,0.51485336,0.51485336,1.0,1.0,29.483789917743305,0.51485336
270,c1ccncc1,c1(C(N)=O)c(C)c(O)ncc1,0.36243853,0.36243853,1.0,1.0,34.905754152912735,0.36243853
270,c1ccncc1,O=[N+](c1c(O)c(N)cnc1O)[O-],0.2730402,0.2730402,1.0,1.0,38.505675604095195,0.2730402
270,c1ccc(CNCc2cccnc2)cc1,O=[N+](c1c(CNCc2c(O)cc(O)c(O)c2C)c(O)ncc1)[O-],0.48346385,0.48346385,1.0,1.0,30.574733963684494,0.48346385
270,c1cncc(Sc2ncnc3[nH]ccc23)c1,c1(OC)c(O)ncc(Sc2c3c(n(C)c(O)c3O)nc(C#CCCCC)n2)c1O,0.5213147,0.5213147,1.0,1.0,29.2590034739473,0.5213147
270,c1cncc(CNC2CCCC2)c1,c1(O)ccnc(O)c1CNC1CCCC1,0.49957797,0.49957797,1.0,1.0,30.01466293278906,0.49957797
281,c1ccncc1,n1c(O)c(O)c(SC)cc1,0.53061354,0.53061354,1.0,1.0,28.935045432859997,0.53061354
281,c1ccncc1,c1([C@H](O)C(O)=O)cnc(O)cc1O,0.55338615,0.55338615,1.0,1.0,28.13807702532475,0.55338615
281,O=S(=O)(c1cccnc1)N1CCOCC1,c1cc(S(N2CCOCC2)(=O)=O)cnc1O,0.3387596,0.3387596,1.0,1.0,35.80935524537454,0.3387596
281,c1ccc(CNCc2ccncc2)cc1,n1c(O)cc(CNCc2c(O)cc(O)c(CO)c2)cc1,0.4603629,0.4603629,1.0,1.0,31.38002942193844,0.4603629
281,c1ccncc1,C(c1cc(O)c(O)nc1)#N,0.41299808,0.41299808,1.0,1.0,33.05382936777302,0.41299808
281,c1ccncc1,CC(C)NCc1cnc(O)c(O)c1F,0.36915663,0.36915663,1.0,1.0,34.6542169802222,0.36915663
281,c1ccncc1,O=[N+]([O-])c1cnc(O)c(C(O)=O)c1O,0.4241854,0.4241854,1.0,1.0,32.65453881433362,0.4241854
281,N=C(NCc1ccccc1)NCc1ccncc1,N(C)=C(NCc1cc(O)ccc1)NCc1ccnc(O)c1[N+](=O)[O-],0.31069785,0.31069785,1.0,1.0,36.92142753531223,0.31069785
281,c1ccc(SCCNCc2ccncc2)cc1,C(CNCc1c(O)c(O)ncc1)Sc1ccc(O)cc1,0.24514289,0.24514289,1.0,1.0,39.76890865124033,0.24514289
281,c1ccncc1,Oc1cc(CNCCCOC(C)C)ccn1,0.5666194,0.5666194,1.0,1.0,27.671561381931227,0.5666194
281,c1ccncc1,N#Cc1c(O)ncc(CNC(C)(C)C)c1O,0.4525234,0.4525234,1.0,1.0,31.65448951570035,0.4525234
293,O=C(Nc1cccnc1)c1cc[nH]n1,Oc1ccnc(O)c1NC(c1nn(C)c(C)c1O)=O,0.5197923,0.5197923,1.0,1.0,29.31198409883424,0.5197923
293,N=C(NCc1ccccc1)NCc1ccncc1,c1(CNC(NCc2c(C)c(O)ncc2)=NC)c(C)c(O)c(O)cc1,0.34633458,0.34633458,1.0,1.0,35.517193109342635,0.34633458
293,O=C(CCc1cc2c(=O)[nH]cnn2c1)Nc1cccnc1,Cn1c(=O)c2n(c(C)c(CCC(=O)Nc3c(O)nccc3)c2C)nc1,0.509565,0.509565,1.0,1.0,29.66763764343494,0.509565
293,C(=NCc1ccncc1)Nc1ccccc1,c1(OC)cc(O)c(NC(=NCc2ccnc(O)c2O)NCCCOCC)cc1,0.34170997,0.34170997,1.0,1.0,35.69519244674257,0.34170997
293,c1cc2[nH]ccc2cn1,Oc1cnc(O)c2c(C)cn(C(=O)O)c12,0.4843012,0.4843012,1.0,1.0,30.54561124898685,0.4843012
293,c1ccncc1,[C@@H](O)(C)c1c(O)nccc1,0.43830624,0.43830624,1.0,1.0,32.15443886387387,0.43830624
293,c1ccncc1,[N+]([O-])(=O)c1c(OC)cnc(O)c1C,0.2683074,0.2683074,1.0,1.0,38.71392089815065,0.2683074
293,c1ccncc1,Nc1cnc(O)c(O)c1O,0.5067621,0.5067621,1.0,1.0,29.76504593910536,0.5067621
293,c1ccc(CNCc2ccc(Oc3cccnc3)cc2)cc1,Oc1c(O)cc(CNCc2ccc(Oc3cccnc3O)c(C#N)c2)cc1CN,0.51253444,0.51253444,1.0,1.0,29.564418610062212,0.51253444
293,c1ccncc1,n1c(O)cc(O)c(C#CCCl)c1,0.5219734,0.5219734,1.0,1.0,29.236074277758362,0.5219734
293,c1ccncc1,Oc1c([N+]([O-])=O)c(O)c(C#N)cn1,0.509518,0.509518,1.0,1.0,29.669269168077655,0.509518
293,c1ccncc1,Oc1cnc(O)c(C#N)c1O,0.39085248,0.39085248,1.0,1.0,33.85419260155848,0.39085248
308,O=C(NCCc1ccccc1)Nc1cccnc1,c1(O)c([C@@H](O)CNC(Nc2c(O)nccc2O)=O)ccc(SC)c1,0.46109653,0.46109653,1.0,1.0,31.354383109738304,0.46109653
308,O=C(Nc1ccccc1)c1cccnc1,Oc1c(C(=O)Nc2c(O)c(N)ccc2)c(C)ccn1,0.51416546,0.51416546,1.0,1.0,29.507710578885202,0.51416546
308,c1ccc(CNC2CCCC2)nc1,N(Cc1nc(O)ccc1O)C1CCCC1,0.0,0.0,1.0,1.0,1000.0,0.0
308,c1ccc(CNCc2ccncc2)cc1,Oc1c(O)nccc1CNCc1cc(CO)c(O)cc1O,0.4738504,0.4738504,1.0,1.0,30.909359665821768,0.4738504
308,O=C(Nc1cc[nH]c(=O)c1)c1ccccc1,C(n1c(O)cc(NC(c2c([N+](=O)[O-])cccc2)=O)c(C#N)c1=O)CO,0.0,0.0,1.0,1.0,1000.0,0.0
308,c1ccncc1,c1c(N)nc(O)c([N+]([O-])=O)c1,0.16265814,0.16265814,1.0,1.0,44.232540417612825,0.16265814
308,c1ccncc1,CCCNCc1c(O)ccnc1O,0.3545067,0.3545067,1.0,1.0,35.20534600110806,0.3545067
308,c1ccncc1,c1c(CNCC)c(O)ncc1,0.6054901,0.6054901,1.0,1.0,26.279017457472076,0.6054901
308,c1ccncc1,OCc1cc(O)c(O)nc1,0.42013487,0.42013487,1.0,1.0,32.7987655918452,0.42013487
308,c1ccncc1,[O-][N+](c1c([C@H](CCN)O)c(O)ncc1)=O,0.49207908,0.49207908,1.0,1.0,30.275223691714167,0.49207908
308,O=S(=O)(Nc1ccncc1)c1ccccc1,c1nc(O)c(O)c(NS(=O)(=O)c2ccc(O)c(C(=O)O)c2)c1,0.54957837,0.54957837,1.0,1.0,28.271793019154476,0.54957837
308,c1ccc(OCc2cccnc2)cc1,c1(O)c(OCc2cnc(O)c(O)c2C)c(C)cc(O)c1OOO,0.3946158,0.3946158,1.0,1.0,33.71713198222725,0.3946158
308,O=C(COc1cccnc1)Nc1ccccc1,c1(NC(=O)COc2c(O)ccnc2O)cc(CO)cc(O)c1O,0.42612568,0.42612568,1.0,1.0,32.585581798226,0.42612568
308,c1ccc(CNCc2cccnc2Oc2cccnc2)cc1,n1cc(Oc2c(CNCc3c(C)c(O)c(O)cc3)cccn2)cc(CC)c1O,0.39737588,0.39737588,1.0,1.0,33.61689989393067,0.39737588
308,c1ccncc1,Oc1ncc([N+]([O-])=O)c(OC)c1,0.40460184,0.40460184,1.0,1.0,33.35559239875436,0.40460184
322,c1ccncc1,Oc1ncc(CNC(C)(C)C)c(O)c1,0.3502676,0.3502676,1.0,1.0,35.366691237079515,0.3502676
322,C(=NCc1ccccc1)NCc1cccnc1,N(Cc1c(O)cccc1O)=C(NCc1c([N+]([O-])=O)ccnc1O)NCCCO,0.30666792,0.30666792,1.0,1.0,37.08545851183196,0.30666792
322,c1ccncc1,[N+](c1cc(CNCC)c(O)nc1)(=O)[O-],0.43988344,0.43988344,1.0,1.0,32.0988164240921,0.43988344
322,c1ccncc1,c1(O)c(C#CCN)ccnc1O,0.46535346,0.46535346,1.0,1.0,31.2056759145679,0.46535346
322,c1ccncc1,c1(C#N)c(O)c(O)ncc1C(C)O,0.553346,0.553346,1.0,1.0,28.139488921646745,0.553346
322,c1cncc(CNCc2cnsc2)c1,n1c(O)c(CNCc2cnc(O)c(O)c2)cs1,0.45127782,0.45127782,1.0,1.0,31.698170450196955,0.45127782
322,O=C(CCCn1ccc2cncnc21)Nc1cccnc1,Nc1c2c(O)cn(CCCC(=O)Nc3c(O)ccnc3O)c2nc(N)n1,0.4712983,0.4712983,1.0,1.0,30.998296583595888,0.4712983
322,c1ccncc1,Oc1ncc(F)c(O)c1O,0.3647431,0.3647431,1.0,1.0,34.819245696812445,0.3647431
322,c1ccncc1,c1(O)c(CNC)ccnc1O,0.3230013,0.3230013,1.0,1.0,36.4276717056385,0.3230013
322,c1ccncc1,O(c1ccnc(O)c1)C(F)F,0.35467103,0.35467103,1.0,1.0,35.199108556937,0.35467103
322,c1ccc2cnccc2c1,c1nc(O)c2c(ccc(O)c2C#N)c1,0.31937632,0.31937632,1.0,1.0,36.57208673599004,0.31937632
322,c1ccncc1,O=C(c1cc([N+](=O)[O-])c(O)nc1)NCC,0.3417368,0.3417368,1.0,1.0,35.69415705611833,0.3417368
322,O=C(COc1ccccc1)Nc1cccnc1,Oc1ncc(NC(=O)[C@@H](Oc2ccc(O)cc2)C)cc1,0.32280448,0.32280448,1.0,1.0,36.4354904736902,0.32280448
322,c1ccncc1,n1cc(C(=O)O)cc(O)c1O,0.60050994,0.60050994,1.0,1.0,26.459715085619717,0.60050994
329,O=C(Nc1cccnc1)c1cccs1,C(Nc1c(O)ccnc1O)(=O)c1cc(O)c(C#CCN)s1,0.3556626,0.3556626,1.0,1.0,35.16150191415254,0.3556626
329,c1ccc(Oc2cccnc2)cc1,c1(OC)c(Oc2c(CN)ccc(O)c2O)c(O)ncc1O,0.6366566,0.6366566,1.0,1.0,25.128240383173086,0.6366566
329,c1ccncc1,[C@H](C)(O)c1c(O)ccnc1O,0.11174432,0.11174432,1.0,1.0,48.00625061764594,0.11174432
329,c1ccncc1,n1cc(O)c(C#N)c([N+]([O-])=O)c1O,0.40651193,0.40651193,1.0,1.0,33.28677343472463,0.40651193
329,c1ccncc1,n1ccc(CNCCC)c(O)c1O,0.54559404,0.54559404,1.0,1.0,28.411489178271907,0.54559404
329,c1cc(CNCc2cc[nH]n2)ccn1,Oc1cn(C)nc1CNCc1cc(O)ncc1[N+](=O)[O-],0.3161172,0.3161172,1.0,1.0,36.702671457557095,0.3161172
329,c1ccncc1,n1c(O)c(NC(=O)O)c(N)cc1,0.31407365,0.31407365,1.0,1.0,36.784919124310356,0.31407365
344,c1ccncc1,c1cnc(O)c([N+](=O)[O-])c1S(O)=O,0.44067854,0.44067854,1.0,1.0,32.070791850980214,0.44067854
344,c1ccncc1,c1(CN)c(O)nccc1[N+](=O)[O-],0.44519952,0.44519952,1.0,1.0,31.91164289817135,0.44519952
344,c1cnc2cnccc2c1,c1(O)cnc(O)c2c1cccn2,0.4789162,0.4789162,1.0,1.0,30.732960477565953,0.4789162
344,c1ccc(CNCc2cccnc2)cc1,C(NCc1cnc(O)cc1[N+]([O-])=O)c1ccc(O)cc1[N+](=O)[O-],0.3665346,0.3665346,1.0,1.0,34.752158658940665,0.3665346
344,O=C(Nc1cccnc1)c1cc[nH]n1,Nc1cn(C)nc1C(=O)Nc1cc(O)c(O)nc1,0.37840414,0.37840414,1.0,1.0,34.31104459905443,0.37840414
344,O=S(=O)(Nc1cccnc1)c1ccccc1,O=S(Nc1c(O)ccnc1O)(=O)c1cc(C#N)c(O)c(O)c1,0.2704088,0.2704088,1.0,1.0,38.62117499788821,0.2704088
344,c1ccncc1,c1(OC)c(O)c(O)ncc1[N+](=O)[O-],0.48796767,0.48796767,1.0,1.0,30.418126424246307,0.48796767
344,O=C(CNCc1ccccc1)Nc1cccnc1,C(c1c(O)cc(O)cc1O)N(C)CC(=O)Nc1c(O)ccnc1O,0.4605431,0.4605431,1.0,1.0,31.373729226814778,0.4605431
344,c1ccncc1,c1cnc(O)c(N)c1,0.3937313,0.3937313,1.0,1.0,33.74930439296702,0.3937313
344,c1ccncc1,C(=O)(Nc1c(O)c([N+]([O-])=O)cnc1O)OCCCC,0.5741613,0.5741613,1.0,1.0,27.404223520696213,0.5741613
344,c1ccc(NCc2ccc(Oc3cccnc3)cc2)cc1,n1cccc(Oc2ccc(CNc3c(O)c(O)c(O)c(CO)c3O)cc2C#N)c1O,0.33230424,0.33230424,1.0,1.0,36.060854767475675,0.33230424
344,c1ccncc1,OCCNCc1cc(O)ncc1,0.33246535,0.33246535,1.0,1.0,36.05454829727013,0.33246535
344,c1ccncc1,Oc1c(O)cc(O)nc1,0.39332214,0.39332214,1.0,1.0,33.76419519279246,0.39332214
344,c1ccncc1,Cc1nc(O)c(C(=O)O)c(O)c1,0.13674825,0.13674825,1.0,1.0,46.004313417624324,0.13674825
344,O=C(Nc1cccnc1)C1CCN(S(=O)(=O)c2ccccc2)CC1,c1(NC(C2CCN(S(=O)(=O)c3ccc(O)cc3)CC2)=O)c(O)ccnc1O,0.7148892,0.7148892,1.0,1.0,22.015498462376012,0.7148892
352,c1ccncc1,c1(O)c(N)c(OCCOC)ccn1,0.37346318,0.37346318,1.0,1.0,34.49397616093623,0.37346318
352,c1ccncc1,c1(N)c([N+]([O-])=O)c(O)ncc1,0.335654,0.335654,1.0,1.0,35.93005041761466,0.335654
352,c1ccc(Oc2ccncc2)cc1,c1(O)c(Oc2c(O)c(O)ccc2C(=O)O)c(O)cnc1O,0.564139,0.564139,1.0,1.0,27.75923700566067,0.564139
352,c1ccncc1,c1(O)c(O)nccc1C(O)=O,0.37741974,0.37741974,1.0,1.0,34.34741504816634,0.37741974
352,c1ccc(-c2cccnc2)cc1,Oc1c(O)cc(-c2cc([N+](=O)[O-])cnc2O)cc1[N+](=O)[O-],0.3687622,0.3687622,1.0,1.0,34.6689320773982,0.3687622
352,c1ccncc1,c1(O)c(O)ncc([N+](=O)[O-])c1C,0.40643647,0.40643647,1.0,1.0,33.28949055075366,0.40643647
352,c1ccncc1,n1c(O)c(C)cc(F)c1,0.3964156,0.3964156,1.0,1.0,33.651745495032664,0.3964156
352,c1ccc(CNCc2ccc(Oc3cccnc3)cc2)cc1,c1(O)cc(O)c(CNCc2ccc(Oc3cccnc3O)c(C#N)c2)cc1,0.3721638,0.3721638,1.0,1.0,34.54224418966202,0.3721638
360,c1ccncc1,n1c(O)c(CNCCC)ccc1,0.42209467,0.42209467,1.0,1.0,32.728936337572264,0.42209467
360,c1ccncc1,c1c([N+]([O-])=O)c(O)c(N=O)c(O)n1,0.6729309,0.6729309,1.0,1.0,23.733380948745864,0.6729309
360,c1ccncc1,O(C(C)C)c1ccnc(O)c1[N+](=O)[O-],0.31557032,0.31557032,1.0,1.0,36.724653114428676,0.31557032
360,O=C(CSc1nnc(NC(=O)c2ccccc2)s1)Nc1cccnc1,c1(NC(=O)CSc2nnc(NC(=O)c3ccc(OCC)cc3)s2)cccnc1O,0.49199513,0.49199513,1.0,1.0,30.27814161076476,0.49199513
360,N=C(NCc1cccnc1)Nc1ccccc1,c1(C(OCC)=O)cc(NC(NCc2cc(O)c(O)nc2)=NC)ccc1,0.6241822,0.6241822,1.0,1.0,25.59331902988141,0.6241822
360,c1ccncc1,Oc1c(OC)c(OC)cnc1O,0.42432445,0.42432445,1.0,1.0,32.649594039670156,0.42432445
360,c1ccncc1,c1(OC)ccnc(O)c1C(=O)NCCC,0.47214445,0.47214445,1.0,1.0,30.96880363830021,0.47214445
360,c1ccncc1,c1(N)c(O)c(O)ncc1[N+](=O)[O-],0.5180424,0.5180424,1.0,1.0,29.372871343106517,0.5180424
365,c1cncc(CNCc2cccnc2)c1,Oc1c(CN(Cc2cnccc2)C)c(O)ncc1O,0.44078892,0.44078892,1.0,1.0,32.06690129224906,0.44078892
365,O=C(Nc1cccnc1)c1cc[nH]n1,c1(O)c(C)n(C)nc1C(Nc1c(O)nccc1)=O,0.6551535,0.6551535,1.0,1.0,24.425655675633788,0.6551535
365,c1ccc(Oc2ccncc2)cc1,c1(O)c(Oc2ccnc(O)c2N)cccc1[N+]([O-])=O,0.49044287,0.49044287,1.0,1.0,30.33208860024146,0.49044287
365,c1ccc(Nc2ccccn2)nc1,c1(Nc2c(O)c(O)c([N+](=O)[O-])cn2)ccc(O)c(O)n1,0.17199211,0.17199211,1.0,1.0,43.650519105326566,0.17199211
365,c1ccncc1,c1c(CO)ccnc1O,0.46354228,0.46354228,1.0,1.0,31.268922594457234,0.46354228
375,c1ccncc1,CCOCCCNC(=NC)NCc1c(O)c(O)ncc1,0.24421349,0.24421349,1.0,1.0,39.81258958571018,0.24421349
375,O=C(COc1ccnc2ccccc12)Nc1cccnc1,n1ccc(O[C@@H](C)C(=O)Nc2c(O)nccc2)c2c1c(C)c(O)c(O)c2O,0.56323624,0.56323624,1.0,1.0,27.79112076202295,0.56323624
375,c1ccncc1,[N+](c1cc(S(O)=O)cnc1O)(=O)[O-],0.54400486,0.54400486,1.0,1.0,28.46714926862524,0.54400486
375,O=S(=O)(Nc1cccnc1)c1ccccc1,n1c(O)c(NS(=O)(c2cc(C(=O)O)c(O)cc2)=O)ccc1,0.5512115,0.5512115,1.0,1.0,28.214470028704426,0.5512115
375,c1cncc(C2COc3ccccc32)c1,C(COc1c2c(c(O)c(C#N)c1O)OCC2c1c(O)ccnc1O)CO,0.39191684,0.39191684,1.0,1.0,33.815381140582225,0.39191684
375,c1ccncc1,COCCOc1c(CN)c([N+]([O-])=O)cnc1O,0.49087295,0.49087295,1.0,1.0,30.31714132457206,0.49087295
375,O=C(Nc1cccnc1)c1ccccc1,c1cc(C(Nc2cccnc2O)=O)ccc1S(=O)(=O)N(C)C,0.43552166,0.43552166,1.0,1.0,32.25275077318145,0.43552166
375,O=C(Nc1ccncc1)c1cccs1,n1cc(O)c(NC(c2sc(C#CCN)c(O)c2)=O)c(O)c1O,0.8615954,0.8615954,1.0,1.0,14.11694258590379,0.8615954
375,c1ccncc1,c1(OC)c(O)ncc(C#CCCl)c1,0.3901968,0.3901968,1.0,1.0,33.8781195378001,0.3901968
375,N=C(NCc1ccncc1)Nc1ccccc1,C(c1c(O)c(O)ncc1)NC(=NC)Nc1cccc(C(=O)OCC)c1,0.59608746,0.59608746,1.0,1.0,26.619548023762853,0.59608746
382,c1ccncc1,c1nc(O)c(CN)c(O)c1,0.49017134,0.49017134,1.0,1.0,30.341526342736433,0.49017134
382,O=c1[nH]c(SCCCNCc2ccncc2)nc2ccccc12,c1cnc(O)cc1CNCCCSc1n(C)c(=O)c2c(cc(O)cc2O)n1,0.31331635,0.31331635,1.0,1.0,36.81547256062023,0.31331635
382,O=C(NCc1ccncc1)c1cccs1,O=C(NCc1cc(O)ncc1)c1cc(O)c(C#CCN)s1,0.33053583,0.33053583,1.0,1.0,36.13017573908161,0.33053583
382,c1ccncc1,c1c(N)cnc(O)c1O,0.4546051,0.4546051,1.0,1.0,31.581535264246625,0.4546051
382,c1ccncc1,CCCCC(NC(NCc1ccnc(O)c1O)=NC)C,0.43196312,0.43196312,1.0,1.0,32.3785977981974,0.43196312
382,c1ccncc1,c1([N+](=O)[O-])c(C#N)c(O)c(O)nc1,0.4823369,0.4823369,1.0,1.0,30.61393448052227,0.4823369
382,O=C(Nc1ccccc1)c1ccncc1,FC(F)(c1cc(NC(c2cc(O)ncc2)=O)c(O)c(N)c1)F,0.4296238,0.4296238,1.0,1.0,32.46146042425937,0.4296238
390,O=C(CCc1cnoc1)Nc1cccnc1,o1nc(C)c(CCC(=O)Nc2c(O)ccnc2O)c1C,0.4661489,0.4661489,1.0,1.0,31.177908620348294,0.4661489
390,c1ccncc1,C(c1cnc(O)c(O)c1[N+](=O)[O-])Cl,0.46949744,0.46949744,1.0,1.0,31.061085181558003,0.46949744
390,O=C(COc1ccccc1)Nc1cccnc1,Oc1c(NC(=O)[C@H](C)Oc2ccc(O)cc2)c(O)ncc1C#N,0.6140628,0.6140628,1.0,1.0,25.96607848274255,0.6140628
390,c1ccncc1,N(Cc1cc(O)ncc1)C,0.42022797,0.42022797,1.0,1.0,32.795446066733646,0.42022797
390,N=C(NCc1ccncc1)Nc1ccccc1,C(c1cc(O)ncc1)NC(Nc1cccc(C(OCC)=O)c1)=NC,0.4264909,0.4264909,1.0,1.0,32.572611177380644,0.4264909
390,c1ccncc1,C(N)CCNC(c1cc(O)c(O)nc1)=O,0.43193918,0.43193918,1.0,1.0,32.37944493599059,0.43193918
390,N=C(NCc1ccccc1)Nc1cccnc1,CN=C(Nc1c(O)c(O)c(O)nc1)NCc1ccc(O)cc1O,0.7591996,0.7591996,1.0,1.0,20.026023600514925,0.7591996
390,c1ccc(Nc2ccncc2)nc1,c1(O)cc(Nc2c(C#N)c(O)c(O)c(CC)n2)ccn1,0.5231488,0.5231488,1.0,1.0,29.19515438495315,0.5231488
395,O=C(CN1CCN(c2ccccc2)CC1)Nc1cccnc1,c1(N2CCN(CC(=O)Nc3c(O)ccnc3O)CC2)cccc(OC)c1O,0.4757083,0.4757083,1.0,1.0,30.8446446137531,0.4757083
395,c1ccncc1,c1(CN)cnc(O)c(O)c1,0.36192268,0.36192268,1.0,1.0,34.925150470751284,0.36192268
395,O=S(=O)(NCc1ccncc1)c1ccccc1,c1c(C(O)=O)cc(S(=O)(=O)NCc2cc(O)ncc2)c(O)c1O,0.455951,0.455951,1.0,1.0,31.53439675256059,0.455951
395,c1ccncc1,c1(O)ncc(O)c(C#N)c1C(F)F,0.47195792,0.47195792,1.0,1.0,30.97530463645435,0.47195792
395,c1ccc(SCCNCc2ccncc2)cc1,c1(O)cc(CNCCSc2ccc(O)cc2)ccn1,0.54696137,0.54696137,1.0,1.0,28.363572554827154,0.54696137
403,c1ccncc1,Oc1c(C(=O)O)cnc(O)c1,0.40650305,0.40650305,1.0,1.0,33.287093464560584,0.40650305
403,c1ccncc1,C(N(CCCO)C)c1c(O)c(O)ncc1,0.446116,0.446116,1.0,1.0,31.879420286682876,0.446116
403,O=C(NCC(=O)N(Cc1ccncc1)c1ccccc1)c1ccccc1,Oc1cc(N(C(CNC(=O)c2cccc(C(F)(F)F)c2)=O)Cc2ccnc(O)c2)ccc1O,0.489093,0.489093,1.0,1.0,30.37900748363353,0.489093
403,O=c1cccc[nH]1,C(\CC)=C(C(=O)O)/C=C/c1cc(O)n(CCCO)c(=O)c1,0.0,0.0,1.0,1.0,1000.0,0.0
403,c1ccc(CNCc2cccnc2)cc1,Oc1c(O)ncc(CN[C@H](C)c2c(O)c(C)c(O)c(O)c2)c1,0.40359822,0.40359822,1.0,1.0,33.39179342030763,0.40359822
403,c1ccc(Oc2cccnc2)cc1,Oc1c(C#N)ccc(Oc2cc([N+](=O)[O-])cnc2O)c1O,0.45475093,0.45475093,1.0,1.0,31.57642733712424,0.45475093
403,c1ccncc1,[N+](=O)(c1cnc(O)cc1Cl)[O-],0.4001576,0.4001576,1.0,1.0,33.51612187240446,0.4001576
403,N=C(NCc1ccccc1)NCc1cccnc1,C(NC(=NC)NCc1cc(O)c(O)nc1)c1c(C)c(O)c(O)cc1,0.4316322,0.4316322,1.0,1.0,32.39031340007996,0.4316322
413,c1cncc(CNCc2ccncc2)c1,c1(CN(C)Cc2ccncc2)cnc(O)c(O)c1,0.427028,0.427028,1.0,1.0,32.55354116447777,0.427028
413,c1ccc2c(Sc3ccncc3)ccnc2c1,S(c1ccnc(O)c1O)c1c2c(O)c(O)c(O)c(C)c2ncc1,0.3673005,0.3673005,1.0,1.0,34.72351912654682,0.3673005
413,c1ccncc1,CC(NCc1cc(O)ncc1)(C)C,0.41132736,0.41132736,1.0,1.0,33.11372514707004,0.41132736
413,c1cncc([C@@H]2COc3ccccc32)c1,c1(O)c(O)c(C#N)c(O)c2c1OC[C@H]2c1c(O)ccnc1O,0.4532418,0.4532418,1.0,1.0,31.62930756050486,0.4532418
413,c1ccc(SCCNCc2cccnc2)cc1,Oc1cc(CNCCSc2ccc(O)cc2)cnc1O,0.4796412,0.4796412,1.0,1.0,30.707728321608382,0.4796412
413,c1ccc(NCc2ccncc2)cc1,C(Nc1ccccc1OC(F)(F)F)c1cc(O)ncc1,0.35228583,0.35228583,1.0,1.0,35.2897648506518,0.35228583
413,c1ccncc1,c1nc(O)c(O)cc1CNCC,0.40261608,0.40261608,1.0,1.0,33.42724770559185,0.40261608
413,c1ccncc1,c1(O)c(NC(=O)NCCCOC(C)C)c(O)cnc1O,0.2177614,0.2177614,1.0,1.0,41.107166731096584,0.2177614
413,c1ccncc1,c1([N+]([O-])=O)c(N)cnc(O)c1O,0.45727926,0.45727926,1.0,1.0,31.487898300528634,0.45727926
413,O=C(COc1ccccc1)Nc1cccnc1,c1c(O)ccc(O[C@@H](C)C(=O)Nc2c(O)ncc(N)c2O)c1,0.5073264,0.5073264,1.0,1.0,29.74543626805473,0.5073264
417,c1ccncc1,C(=O)(O)CN(C(=O)NCCCOC)Cc1cc(O)c(O)nc1,0.4275902,0.4275902,1.0,1.0,32.53358636321014,0.4275902
417,O=C(Nc1ccncc1)c1cc[nH]n1,c1(O)c(NC(=O)c2c(O)c(C)n(C)n2)c(O)c(O)nc1,0.55308086,0.55308086,1.0,1.0,28.148807437327324,0.55308086
417,c1ccncc1,c1(F)c(S(O)=O)c(O)ncc1S(O)=O,0.60082203,0.60082203,1.0,1.0,26.44841363998863,0.60082203
417,N=C(NCc1ccncc1)NCc1cccs1,s1c(CN(C)C(NCc2c(O)c(O)ncc2)=NC)ccc1,0.4861146,0.4861146,1.0,1.0,30.482552821941937,0.4861146
423,O=C(Nc1cccnc1)c1cccs1,C(Nc1c(O)ncc([N+](=O)[O-])c1O)(=O)c1sc(C#CCN)c(O)c1,0.6426284,0.6426284,1.0,1.0,24.90320293559344,0.6426284
423,c1ccncc1,n1cc([N+](=O)[O-])c(N)c(Cl)c1O,0.490416,0.490416,1.0,1.0,30.333023589368295,0.490416
423,c1ccncc1,c1(O)c(OCC)c(O)ncc1,0.38842288,0.38842288,1.0,1.0,33.942928716284285,0.38842288
423,c1ccncc1,CN=C(N(C)Cc1cnc(O)c(O)c1)C,0.38900277,0.38900277,1.0,1.0,33.921731446253304,0.38900277
423,N=C(NCc1ccccc1)NCc1cccnc1,[N+](=O)([O-])c1c(CNC(=NC)NCc2cc(O)ccc2)c(O)ncc1,0.40442714,0.40442714,1.0,1.0,33.36189259386911,0.40442714
423,c1ccncc1,O=C=NCc1cnc(O)c(O)c1,0.5885659,0.5885659,1.0,1.0,26.890105008594176,0.5885659
427,N=C(NCc1ccncc1)Nc1ccccc1,c1(O)c(O)c(NC(=NC)NCc2c(O)c(O)ncc2)c(O)c(CC)c1O,0.26523778,0.26523778,1.0,1.0,38.850228506113126,0.26523778
427,c1ccncc1,C(OC)c1ccnc(O)c1S(=O)O,0.46671385,0.46671385,1.0,1.0,31.158192272664866,0.46671385
427,c1ccncc1,n1cc(O)c(C#N)c(Cl)c1O,0.5574776,0.5574776,1.0,1.0,27.994157727449693,0.5574776
427,O=C(NCCc1ccccc1)Nc1cccnc1,c1(C#N)c(O)c(NC(=O)NC[C@@H](c2ccc(SC)cc2)O)c(O)nc1,0.6772765,0.6772765,1.0,1.0,23.561292750572402,0.6772765
431,O=S(=O)(NCc1ccncc1)c1ccccc1,c1cnc(O)c(O)c1CNS(c1cc(C(=O)O)c(O)cc1)(=O)=O,0.3014942,0.3014942,1.0,1.0,37.297820268039,0.3014942
431,O=S(=O)(Nc1ccccc1)c1cccnc1,Oc1ccc(OC)c(O)c1NS(=O)(c1cnc(O)c(O)c1)=O,0.41871202,0.41871202,1.0,1.0,32.849518558106624,0.41871202
431,c1ccc(CNCc2ccncc2)cc1,c1c(C(O)=O)c(OC)cc(O)c1CNCc1ccnc(O)c1,0.26662552,0.26662552,1.0,1.0,38.788481573857126,0.26662552
431,c1ccncc1,O(CCOC)c1ccnc(O)c1,0.37430355,0.37430355,1.0,1.0,34.46279521517171,0.37430355
436,c1cncc(C(c2cccnc2)n2cnc3ccccc32)c1,c1c(C(n2cnc3cc(O)c(O)cc23)c2cncc(O)c2)cnc(O)c1O,0.58916664,0.58916664,1.0,1.0,26.86855005817351,0.58916664
436,c1ccc(CNCc2ccncc2)cc1,Oc1nccc(CNCc2c(O)cc(O)cc2)c1O,0.44132876,0.44132876,1.0,1.0,32.04788148009043,0.44132876
436,c1ccncc1,O=CNCc1c(O)c(O)ncc1,0.32083133,0.32083133,1.0,1.0,36.51401700927095,0.32083133
436,O=C(CCCNS(=O)(=O)c1ccccc1)Nc1cccnc1,C(CNS(=O)(=O)c1ccc(O)cc1)CC(=O)Nc1c(O)ncc(C#N)c1O,0.42208323,0.42208323,1.0,1.0,32.72934421872402,0.42208323
436,c1ccncc1,[N+]([O-])(=O)c1c(O)c(O)ncc1CCN,0.55205774,0.55205774,1.0,1.0,28.18475118000615,0.55205774
439,O=C(CCCSc1cc(=O)cco1)Nc1cccnc1,n1c(O)c(NC(CCCSc2oc(O)cc(=O)c2O)=O)c(O)c([N+](=O)[O-])c1,0.46269876,0.46269876,1.0,1.0,31.298390439358496,0.46269876
439,O=C(CCCSc1nc(=O)cco1)Nc1cccnc1,n1c(SCCCC(=O)Nc2c(O)ccnc2O)oc(O)cc1=O,0.5049156,0.5049156,1.0,1.0,29.829208782844667,0.5049156
439,c1ccncc1,C(#CCN)c1c(OC)ccnc1O,0.338104,0.338104,1.0,1.0,35.83478820435367,0.338104
445,c1ccncc1,c1(O)c(O)ncc(N=O)c1O,0.56765723,0.56765723,1.0,1.0,27.634839527502606,0.56765723
445,N=C(NCc1cccnc1)Nc1ccccc1,c1cnc(O)c(CNC(=NC)Nc2c(O)c(CC)c(O)c(O)c2O)c1,0.44452527,0.44452527,1.0,1.0,31.93535648119197,0.44452527
445,c1cncc(C2COc3ccccc32)c1,c1(O)c(O)c(C#N)c(O)c2c1OCC2c1c(O)nccc1,0.57810175,0.57810175,1.0,1.0,27.264069279664945,0.57810175
445,O=S(=O)(Nc1ccncc1)c1ccccc1,c1(C(O)=O)c(OC)ccc(S(=O)(Nc2c(O)c(O)ncc2)=O)c1,0.55111784,0.55111784,1.0,1.0,28.21775817833522,0.55111784
445,N=C(NCc1ccccc1)Nc1cccnc1,c1c(CNC(Nc2cnc(O)c(O)c2O)=NC)cc(O)c(O)c1O,0.43107486,0.43107486,1.0,1.0,32.41004857305363,0.43107486
445,O=C(COc1ccccc1)NCc1ccncc1,C(NC(=O)[C@@H](Oc1ccc(O)cc1)C)c1ccnc(O)c1,0.27763686,0.27763686,1.0,1.0,38.30556910790957,0.27763686
448,O=C(CCCSc1ccccc1)Nc1cccnc1,S(CCCC(Nc1c(O)ccnc1O)=O)c1ccc(O)cc1,0.33637512,0.33637512,1.0,1.0,35.9019756437407,0.33637512
448,N=C(NCc1ccccc1)NCc1ccncc1,C(c1ccc(O)c(O)c1)NC(NCc1c(O)c(O)ncc1)=NC,0.6831185,0.6831185,1.0,1.0,23.328016103607695,0.6831185
448,O=C(Nc1cccnc1)C1CCN(S(=O)(=O)c2ccccc2)CC1,Oc1ncc([N+]([O-])=O)c(O)c1NC(=O)C1CCN(S(c2ccc(O)cc2)(=O)=O)CC1,0.5000257,0.5000257,1.0,1.0,29.9991069729285,0.5000257
453,O=C(Nc1cccnc1)c1cc[nH]n1,C(#N)c1cnc(O)c(NC(c2nn(C)c(C)c2O)=O)c1O,0.506458,0.506458,1.0,1.0,29.775613198640094,0.506458
453,c1ccncc1,O=C(O)c1c(O)ncc([N+]([O-])=O)c1Cl,0.0,0.0,1.0,1.0,1000.0,0.0
453,O=C(Nc1cccnc1)c1cccs1,c1(O)ncc(O)cc1NC(=O)c1sc(C#CCN)c(O)c1,0.4925937,0.4925937,1.0,1.0,30.257339671695018,0.4925937
453,O=S(=O)(Nc1ccccc1)c1ccncc1,n1ccc(S(=O)(=O)Nc2c(O)cc(O)c(CN(C)C)c2)c(O)c1O,0.4205716,0.4205716,1.0,1.0,32.783197081811956,0.4205716
453,N=C(NCc1ccncc1)NCc1ccns1,n1c(O)c(Cl)c(CNC(=NC)NCc2ccnc(O)c2O)s1,0.25972888,0.25972888,1.0,1.0,39.097410763032194,0.25972888
459,c1ccncc1,c1(S(=O)(O)=O)ccnc(O)c1O,0.5966474,0.5966474,1.0,1.0,26.59934221869375,0.5966474
459,N=C(NCc1ccncc1)Nc1ccccc1,Cc1c(CNC(Nc2cccc(C(OCC)=O)c2)=NC)ccnc1O,0.20378304,0.20378304,1.0,1.0,41.83726772906293,0.20378304
459,O=C(CCC[C@@H]1COCc2cc(=O)ccn21)Nc1cccnc1,n12c(c(O)c(=O)c(O)c1)COC[C@H]2CCCC(Nc1c(O)ncc(C#N)c1O)=O,0.8370694,0.8370694,1.0,1.0,15.784825117416643,0.8370694
459,c1ccc(CCNCc2ccncc2)cc1,c1cnc(O)c(O)c1CNCCc1ccc(O)cc1,0.5055168,0.5055168,1.0,1.0,29.808318992432365,0.5055168
459,C(=Nc1ccccc1)NCc1ccncc1,C(NC(NCc1c(O)c(O)ncc1)=Nc1c(O)c(O)c(O)c(CC)c1O)(N)=NC,0.8034616,0.8034616,1.0,1.0,17.769643858960546,0.8034616
459,O=C(Nc1cccnc1)c1cccs1,Oc1ncccc1NC(=O)c1cc(O)c(C#CCN)s1,0.20717567,0.20717567,1.0,1.0,41.656764628854965,0.20717567
464,N=c1[nH]c(=O)cc(SCCCC(=O)Nc2ccncc2)s1,c1nc(O)c(O)c(NC(CCCSc2sc(=N)n(O)c(=O)c2)=O)c1O,0.8011016,0.8011016,1.0,1.0,17.898873160049565,0.8011016
464,O=C(Nc1cccnc1)c1ccns1,Oc1c(C(=O)Nc2c(O)nccc2O)snc1O,0.58771014,0.58771014,1.0,1.0,26.920790221873297,0.58771014
464,c1ccncc1,O=[N+](c1cnc(O)c(OC(F)(F)F)c1Cl)[O-],0.6248505,0.6248505,1.0,1.0,25.568563781127917,0.6248505
464,c1ccncc1,c1(O)c(S(=O)O)c(O)ncc1S(O)=O,0.31394792,0.31394792,1.0,1.0,36.78998940086119,0.31394792
464,O=C(CCCSc1ccccc1)Nc1cccnc1,c1(SCCCC(=O)Nc2c(O)nccc2O)c(O)ccc(O)c1O,0.39450812,0.39450812,1.0,1.0,33.72104764136619,0.39450812
469,O=C(CCCc1c[nH]c(=O)[nH]c1=O)Nc1ccncc1,c1(=O)n(C)c(=O)n(C)c(N)c1CCCC(Nc1c(O)cnc(O)c1O)=O,0.25546736,0.25546736,1.0,1.0,39.29096606031052,0.25546736
469,O=C(Nc1cccnc1)c1cccs1,c1nc(O)c(NC(=O)c2cc(O)c(C#CCN)s2)c(O)c1S(=O)O,0.049427897,0.049427897,1.0,1.0,55.680258503888524,0.049427897
469,c1ccncc1,OC(=O)CCc1c(O)c([N+](=O)[O-])c(O)nc1,0.48453686,0.48453686,1.0,1.0,30.53741597526415,0.48453686
469,c1ccncc1,C(c1c([N+]([O-])=O)cnc(O)c1O)CNC,0.62461305,0.62461305,1.0,1.0,25.577361463950975,0.62461305
469,c1ccc(CNCc2ccc(Oc3cccnc3)cc2)cc1,Oc1c(Oc2c(O)ncc([N+](=O)[O-])c2)c(N)cc(CNCc2c(O)cc(O)c(CO)c2)c1O,0.38963535,0.38963535,1.0,1.0,33.89862027232412,0.38963535
477,O=C(CCCNS(=O)(=O)c1ccccc1)Nc1ccncc1,c1cc(OC)ccc1S(N(C)CCCC(=O)Nc1c(O)cnc(O)c1O)(=O)=O,0.5854352,0.5854352,1.0,1.0,27.002272327076202,0.5854352
477,c1ccc(Oc2cccnc2)cc1,c1cc(CN)c(Oc2c(O)nccc2)c(O)c1O,0.4948965,0.4948965,1.0,1.0,30.177319663576185,0.4948965
477,c1ccncc1,C(c1c(O)c(O)ncc1[N+](=O)[O-])NCCC,0.5558824,0.5558824,1.0,1.0,28.050301000088986,0.5558824
477,c1ccc(CNCc2cccnc2)cc1,O(c1cc([N+](=O)[O-])c(CNCc2c(O)cc(O)c(CO)c2)c(O)n1)C,0.20517257,0.20517257,1.0,1.0,41.76307100884585,0.20517257
477,c1cc(CNC2CCCCC2)ccn1,C1CC(NCc2cc(O)ncc2)CCC1,0.29687813,0.29687813,1.0,1.0,37.48904750516765,0.29687813
477,N=C(NCc1ccccc1)Nc1cccnc1,c1(NC(=NC)NCc2cc(O)c(O)cc2)cnc(O)c(O)c1O,0.5132564,0.5132564,1.0,1.0,29.53931823109172,0.5132564
477,c1ccc(CNCc2cccnc2)cc1,n1cc(O)cc(CNCc2cc(CO)c(O)cc2O)c1O,0.28631103,0.28631103,1.0,1.0,37.93341833922175,0.28631103
477,c1ccc(NCc2ccncc2)cc1,c1cc(O)c([N+](=O)[O-])c(O)c1NCc1ccnc(O)c1O,0.41023692,0.41023692,1.0,1.0,33.15285663787334,0.41023692
489,O=C(Nc1cccnc1)c1ccns1,c1(O)c(C(=O)Nc2c(O)c(C#N)cnc2O)snc1O,0.4863815,0.4863815,1.0,1.0,30.473271956815083,0.4863815
489,O=C(Nc1cccnc1)c1cc[nH]c1,C(O)Cn1c(O)cc(C(=O)Nc2c(O)ncc(C#N)c2O)c1O,0.6030406,0.6030406,1.0,1.0,26.36799202579992,0.6030406
489,O=C(NN=Cc1ccccc1)c1ccncc1,N(NC(c1ccnc(O)c1O)=O)=Cc1c(O)cc(O)c(CO)c1,0.40975004,0.40975004,1.0,1.0,33.1703390518137,0.40975004
489,O=C(COc1ccccc1)Nc1cccnc1,c1c(O)ccc(O[C@@H](C(=O)Nc2c(O)nccc2)C)c1,0.53400004,0.53400004,1.0,1.0,28.81689167399055,0.53400004
489,c1ccncc1,c1cnc(O)c(O)c1CCNC,0.30913824,0.30913824,1.0,1.0,36.98476834161263,0.30913824
489,N=C(NCCc1ccncc1)Nc1ccccc1,CN=C(NCCc1ccnc(O)c1O)Nc1cccc(C(=O)OCC)c1,0.36297658,0.36297658,1.0,1.0,34.88553579766203,0.36297658
489,O=C(Nc1cccnc1)c1ccccc1,c1c(S(=O)(N(C)C)=O)cc(C(=O)Nc2c(O)ccnc2O)cc1,0.2800623,0.2800623,1.0,1.0,38.20080640121884,0.2800623
489,O=C(Nc1cccnc1)C1C=CC=CC1,c1c(O)ccc(C(=O)Nc2c(O)c(C#N)cnc2O)(C)C1,0.35502565,0.35502565,1.0,1.0,35.185654753814596,0.35502565
489,c1ccncc1,n1cc(O)cc(CNCCCOC(C)C)c1O,0.363525,0.363525,1.0,1.0,34.86494093672248,0.363525
489,c1ccncc1,OC(=O)c1c([N+](=O)[O-])cc(O)nc1,0.35955063,0.35955063,1.0,1.0,35.014495269668245,0.35955063
489,N=C(NCc1cccnc1)NCc1cc[nH]n1,c1c(O)cnc(O)c1CNC(=NC)NCc1c(O)c(C)n(C)n1,0.25240454,0.25240454,1.0,1.0,39.431390130415664,0.25240454
489,N=C(NCc1cccnc1)Nc1ccccc1,C(c1c(O)c([N+]([O-])=O)c(O)nc1)NC(=NC)Nc1cccc(C(=O)OCC)c1,0.19568707,0.19568707,1.0,1.0,42.2772585470002,0.19568707
497,N=c1nccc(SCCCC(=O)Nc2cccnc2)s1,N(c1c(O)ncc([N+]([O-])=O)c1O)C(=O)CCCSc1sc(=N)nc(O)c1,0.47856826,0.47856826,1.0,1.0,30.7450714104276,0.47856826
497,N=C(NCc1ccncc1)Nc1ccccc1,C(NCc1c(O)c(O)ncc1[N+](=O)[O-])(=NC)Nc1cccc(C(=O)OCC)c1,0.48181686,0.48181686,1.0,1.0,30.63202557867162,0.48181686
497,O=C(Nc1ccc2c(c1)OCC2c1cccnc1)c1cccs1,Oc1c2c(c(N)c(O)c1NC(=O)c1sc(C#CCN)c(O)c1)C(c1c(O)ccnc1O)CO2,0.45136207,0.45136207,1.0,1.0,31.695214880574802,0.45136207
497,O=C(Nc1cccnc1)c1nccs1,Oc1c(C#CCN)sc(C(Nc2c(O)c(C#N)cnc2O)=O)n1,0.5414363,0.5414363,1.0,1.0,28.55704627587156,0.5414363
497,c1ccc(CNc2cccnc2)cc1,c1c(NCc2c(O)cc(O)cc2)cnc(O)c1O,0.2672723,0.2672723,1.0,1.0,38.75977301541989,0.2672723
497,N=C(NCc1ccncc1)NCc1cc[nH]n1,Oc1cn(C)nc1CNC(=NC)NCc1ccnc(O)c1O,0.7543294,0.7543294,1.0,1.0,20.255842670299117,0.7543294
497,N=C(NCc1ccccc1)Nc1cccnc1,c1c(NC(=NC)NCc2c(O)cc(O)cc2)cnc(O)c1O,0.38991836,0.38991836,1.0,1.0,33.88828519129171,0.38991836
497,c1ccncc1,O=[N+](c1cnc(O)c(OC(F)(F)F)c1O)[O-],0.5646843,0.5646843,1.0,1.0,27.739972464791364,0.5646843
507,O=C(CCCSc1ccccc1)Nc1cccnc1,c1c(NC(=O)CCCSc2ccc(O)cc2)c(O)ncc1,0.4513508,0.4513508,1.0,1.0,31.69561021154496,0.4513508
507,N=C(NCc1cccnc1)N1CCSCC1,CN=C(N1CC(C)(C)SCC1)NCc1cc(O)c(O)nc1,0.47309306,0.47309306,1.0,1.0,30.935746439217972,0.47309306
507,c1ccncc1,[O-][N+](=O)c1c(O)c(S(O)=O)c(O)nc1,0.35578382,0.35578382,1.0,1.0,35.156908544805795,0.35578382
507,N=C(NCc1ccccc1)NCc1cccnc1,c1nc(O)c(O)cc1CNC(NCc1ccc(O)c(O)c1)=NC,0.33854797,0.33854797,1.0,1.0,35.81756306929668,0.33854797
507,N=C(NCc1cccnc1)NCc1cc[nH]n1,Cc1c(O)c(CNC(=NC)NCc2cc(O)c(O)nc2)nn1C,0.29403827,0.29403827,1.0,1.0,37.60754639425409,0.29403827
507,c1ccc(SCCNCc2ccc(Oc3cccnc3)cc2)cc1,O(c1cc(O)c(CNCCSc2ccc(O)cc2)cc1)c1cccnc1O,0.31619263,0.31619263,1.0,1.0,36.69964058680074,0.31619263
507,O=C(Nc1ccncc1)c1nccs1,Oc1c(C#CCN)sc(C(Nc2c(O)cnc(O)c2O)=O)n1,0.41867194,0.41867194,1.0,1.0,32.85094927970103,0.41867194
507,c1ccc(Oc2cccnc2)cc1,C(c1cnc(O)c(Oc2c(O)c(O)ccc2CN)c1)N,0.6011079,0.6011079,1.0,1.0,26.438059733674894,0.6011079
507,O=S(=O)(Nc1ccccc1)c1cccnc1,c1(O)ncc(S(=O)(=O)Nc2cc(CO)cc(O)c2O)cc1O,0.37144446,0.37144446,1.0,1.0,34.56899491855655,0.37144446
507,O=S(=O)(Nc1cccnc1)c1cccs1,Oc1c(C#CCN)sc(S(=O)(Nc2c(O)ncc([N+](=O)[O-])c2O)=O)c1,0.32588667,0.32588667,1.0,1.0,36.31332692926629,0.32588667
514,c1ccncc1,c1(O)c(O)c(CCN)c([N+](=O)[O-])cn1,0.5259314,0.5259314,1.0,1.0,29.098241821785965,0.5259314
514,N=C(NCc1cccnc1)N1CCC(c2ccccc2)C1,c1c(O)c(C2CCN(C(=NC)NCc3cc(O)c(O)nc3)C2)ccc1,0.31412503,0.31412503,1.0,1.0,36.78284834306188,0.31412503
514,O=C(NCCc1ccccc1)Nc1ccncc1,c1(NC(=O)NC[C@H](O)c2ccc(SC)cc2)c(O)cnc(O)c1O,0.78369004,0.78369004,1.0,1.0,18.818645171653888,0.78369004
514,O=C(Nc1cccnc1)c1ccco1,C(c1oc(C#CCN)c(O)c1)(Nc1c(O)ncc([N+](=O)[O-])c1O)=O,0.7345753,0.7345753,1.0,1.0,21.158100892482327,0.7345753
514,O=C(Nc1cccnc1)c1cccs1,N(c1cc(O)c(O)nc1)C(c1sc(C#CCN)c(O)c1O)=O,0.60442364,0.60442364,1.0,1.0,26.317778717677335,0.60442364
514,c1cc(CNC2CCOCC2)ccn1,c1(CNC2CCOCC2)c(O)c(O)ncc1[N+]([O-])=O,0.74470717,0.74470717,1.0,1.0,20.7010606421375,0.74470717
514,c1ccncc1,c1(CC#N)c(O)c(O)ncc1[N+]([O-])=O,0.4778414,0.4778414,1.0,1.0,30.770372592410734,0.4778414
521,O=S(=O)(Nc1cccnc1)c1cccs1,NCc1sc(S(Nc2c(O)ncc(C#N)c2O)(=O)=O)c(O)c1O,0.28694934,0.28694934,1.0,1.0,37.906303654846745,0.28694934
521,c1ccc(CNCc2cccnc2)cc1,c1c(O)cc(O)c(CNCc2cc(O)c(O)nc2)c1,0.26012218,0.26012218,1.0,1.0,39.07965224492715,0.26012218
521,c1ccncc1,C(NCCC)c1c([N+]([O-])=O)cc(O)c(O)n1,2.119851e-05,2.119851e-05,1.0,1.0,123.47370889130971,2.119851e-05
521,c1ccncc1,OC(CCNC(=O)NCc1cc(O)c(O)nc1)=O,0.39194697,0.39194697,1.0,1.0,33.81428299900539,0.39194697
521,c1ccncc1,O=[N+](c1cnc(O)c(Cl)c1O)[O-],0.51093435,0.51093435,1.0,1.0,29.620041049843984,0.51093435
521,O=C(CCCNS(=O)c1cn[nH]c1)Nc1cccnc1,O=S(c1cn(C)nc1)N(C)CCCC(Nc1c(O)ncc(C#N)c1O)=O,0.49864602,0.49864602,1.0,1.0,30.047042421654574,0.49864602
521,O=C(Nc1cccnc1)c1cccs1,C(c1cnc(O)c(NC(c2cc(O)c(C#CCN)s2)=O)c1O)#CCN,0.842743,0.842743,1.0,1.0,15.418296833617934,0.842743
522,O=C(Nc1cccnc1)c1ccco1,c1nc(O)c(NC(=O)c2cc(O)c(C#CCN)o2)c(O)c1C#N,0.5898064,0.5898064,1.0,1.0,26.845589486512733,0.5898064
530,O=C(Nc1ccncc1)c1cccs1,c1c(NC(=O)c2sc(C#CCN)c(O)c2)c(O)cnc1O,0.4263734,0.4263734,1.0,1.0,32.576784115402944,0.4263734
530,N=C(NCc1ccncc1)NCc1cc[nH]n1,O=[N+](c1cnc(O)c(O)c1CNC(=NC)NCc1c(O)cn(C)n1)[O-],0.13144651,0.13144651,1.0,1.0,46.400949605991755,0.13144651
530,c1cc(CN2CCOCC2)ccn1,c1c(CN2CCOCC2)ccnc1O,0.38417435,0.38417435,1.0,1.0,34.098588716414035,0.38417435
530,O=C(Nc1cccnc1)c1ccco1,c1cnc(O)c(NC(c2cc(O)c(C#CCN)o2)=O)c1O,0.50046515,0.50046515,1.0,1.0,29.98383966742314,0.50046515
530,O=C(Cc1cn[nH]c1)Nc1cccnc1,c1(O)c(O)ncc(NC(=O)Cc2c(C)n(C)nc2C)c1O,0.2884326,0.2884326,1.0,1.0,37.843433480632875,0.2884326
530,c1ccc(Oc2cccnc2)cc1,c1cnc(O)c(Oc2c(CN)ccc(O)c2O)c1O,0.36725098,0.36725098,1.0,1.0,34.72537027949242,0.36725098
530,c1ccncc1,c1(CN)c(O)c(O)ncc1[N+]([O-])=O,0.3061255,0.3061255,1.0,1.0,37.1076284215435,0.3061255
530,O=C(CCCSCc1ccco1)Nc1cccnc1,Oc1c(CSCCCC(Nc2c(O)ccnc2O)=O)oc(O)c1O,0.532329,0.532329,1.0,1.0,28.875206129420317,0.532329
536,c1ccncc1,N(c1c(O)c(C#N)cnc1O)C([C@H](O)CO)=O,0.75866777,0.75866777,1.0,1.0,20.05127458175382,0.75866777
536,O=C(CCC/C=C/c1cc(=O)ccn1Cc1ccccc1)Nc1cccnc1,c1(O)c(O)c(NC(=O)CCC/C=C/c2c(O)c(=O)c(O)cn2Cc2ccc(OC)cc2)c(O)nc1,0.0,0.0,1.0,1.0,1000.0,0.0
536,c1ccncc1,Oc1nccc(Cl)c1CN,0.5689699,0.5689699,1.0,1.0,27.58836617585169,0.5689699
536,c1ccc(Oc2cccnc2)cc1,c1([N+]([O-])=O)cnc(O)c(Oc2c(CN)ccc(O)c2O)c1O,0.04006415,0.04006415,1.0,1.0,57.58972590781238,0.04006415
536,c1cc(CNCc2cc[nH]c2)ccn1,n1(C)cc(O)c(CNCc2ccnc(O)c2)c1,0.4744924,0.4744924,1.0,1.0,30.886995228170544,0.4744924
536,c1ccncc1,S(=O)(O)c1c(O)c(O)ncc1O,0.5124743,0.5124743,1.0,1.0,29.566508216609847,0.5124743
544,O=C(Nc1cccc(S(=O)(=O)Nc2cccnc2)c1)c1cccs1,O=S(Nc1c(O)c(O)c(O)nc1)(c1c(O)c(O)c(O)c(NC(c2sc(C#CCN)c(O)c2)=O)c1)=O,0.45815578,0.45815578,1.0,1.0,31.457225637431115,0.45815578
544,O=C(Nc1ccncc1)c1ccco1,c1(O)cc(C(=O)Nc2c(O)cnc(O)c2O)oc1C#CCN,0.23266149,0.23266149,1.0,1.0,40.36524972972351,0.23266149
544,c1ccncc1,O=[N+](c1cnc(O)c(O)c1CO)[O-],0.48680854,0.48680854,1.0,1.0,30.458425082660924,0.48680854
544,N=C(NCc1ccncc1)NCc1cc[nH]n1,c1cc(CNC(NCc2c(O)c(O)ncc2)=NC)nn1C,0.41228527,0.41228527,1.0,1.0,33.079375278453455,0.41228527
544,N=c1[nH]c(=O)cc(SCCCC(=O)Nc2cccnc2)s1,c1(O)ccnc(O)c1NC(=O)CCCSc1cc(=O)n(O)c(=N)s1,0.52664393,0.52664393,1.0,1.0,29.073417546980153,0.52664393
544,O=C(Nc1ccncc1)C1CCCCC1,c1(NC(=O)[C@@H]2C[C@H](O)CCC2)c(O)c(O)ncc1O,0.46283168,0.46283168,1.0,1.0,31.29374686924967,0.46283168
544,c1ccncc1,Oc1cc(N=C=O)c(O)nc1,0.43306285,0.43306285,1.0,1.0,32.339679660624014,0.43306285
544,N=C(NCc1ccccc1)NCc1cccnc1,c1nc(O)c([N+]([O-])=O)c(O)c1CNC(=NC)NCc1ccc(O)c(O)c1,0.3280988,0.3280988,1.0,1.0,36.226015261053,0.3280988
551,N=c1[nH]c(=O)cc(SCCCC(=O)Nc2cccnc2)s1,Oc1c(C#N)cnc(O)c1NC(=O)CCCSc1cc(=O)n(O)c(=N)s1,0.54736465,0.54736465,1.0,1.0,28.349434766370475,0.54736465
551,O=C(CCCSc1cc(=O)cco1)Nc1cccnc1,c1c(NC(CCCSc2c(O)c(=O)cc(O)o2)=O)c(O)ncc1,0.57042974,0.57042974,1.0,1.0,27.536640569909704,0.57042974
551,O=C(COc1ccccc1)Nc1cccnc1,[C@@H](C(=O)Nc1c(O)nccc1O)(Oc1ccc(O)cc1)C,0.7724501,0.7724501,1.0,1.0,19.38412533420851,0.7724501
551,c1cc(CCNCc2ccncc2)ccn1,c1cc(CCNCc2ccnc(O)c2)ccn1,0.4923698,0.4923698,1.0,1.0,30.265120789184074,0.4923698
551,O=C(CCCSc1cc(=O)cco1)Nc1cccnc1,O(C)c1c(NC(=O)CCCSc2oc(O)cc(=O)c2O)c(O)ncc1,0.36358604,0.36358604,1.0,1.0,34.86265052712653,0.36358604
551,O=C(NCCc1ccccc1)Nc1cccnc1,S(C)c1ccc([C@H](O)CNC(Nc2c(O)nccc2O)=O)cc1,0.4112413,0.4112413,1.0,1.0,33.11681249367928,0.4112413
551,O=C(CCCSc1ccnc2ccccc12)NCc1ccncc1,c1cnc(O)c(O)c1CNC(CCCSc1c3c(O)c(C#N)c(O)c(O)c3ncc1)=O,0.39849055,0.39849055,1.0,1.0,33.5764882838103,0.39849055
556,c1ccc(CNCc2ccncc2)cc1,c1ccc(CNCc2ccnc(O)c2)c(O)c1,0.45642415,0.45642415,1.0,1.0,31.51783050244791,0.45642415
556,O=C(Nc1cccnc1)C1=CO1,Oc1oc1C(Nc1c(O)ncc(C#N)c1O)=O,0.82475436,0.82475436,1.0,1.0,16.546452191364505,0.82475436
556,c1ccncc1,c1c(N=O)c(O)ncc1[N+](=O)[O-],0.4536507,0.4536507,1.0,1.0,31.614975244126335,0.4536507
556,O=C(Nc1cccnc1)C1CCN(S(=O)(=O)c2ccccc2)CC1,c1cc(OC)ccc1S(=O)(=O)N1CCC(C(=O)Nc2c(O)ccnc2O)CC1,0.34207085,0.34207085,1.0,1.0,35.681261736425,0.34207085
556,c1ccc(Oc2cccnc2)cc1,[N+](=O)(c1cc(Oc2c(C(=O)O)ccc(O)c2O)c(O)nc1)[O-],0.3832108,0.3832108,1.0,1.0,34.13398025075458,0.3832108
560,O=C(Nc1ccncc1)c1ccco1,C(c1oc(C)c(S(=O)O)c1)(Nc1c(O)c(O)ncc1O)=O,0.72579336,0.72579336,1.0,1.0,21.545299338363698,0.72579336
560,N=C(NCc1ccccc1)NCc1cccnc1,Oc1cc(O)c(CNC(NCc2cc(O)c(O)nc2)=NC)cc1,0.23110604,0.23110604,1.0,1.0,40.44110307494651,0.23110604
560,O=C(COc1ccccc1)Nc1cccnc1,c1(O)ccnc(O)c1NC([C@@H](Oc1ccc(O)cc1)C)=O,0.48098305,0.48098305,1.0,1.0,30.661035341645665,0.48098305
560,c1ccncc1,c1c(C#N)c(O)ncc1[N+](=O)[O-],0.20603277,0.20603277,1.0,1.0,41.717325568200486,0.20603277
561,O=C(CCCSc1cc(=O)[nH]c(=O)s1)Nc1cccnc1,O=c1n(O)c(=O)cc(SCCCC(Nc2c(O)nccc2O)=O)s1,0.6620416,0.6620416,1.0,1.0,24.159560283153215,0.6620416
568,N=C(NCc1cccnc1)NCc1cc[nH]n1,C(c1c(O)ncc(O)c1)NC(NCc1c(O)cn(C)n1)=NC,0.38924542,0.38924542,1.0,1.0,33.91286473737793,0.38924542
568,O=C(CCc1cnoc1)Nc1ccncc1,Oc1onc(O)c1CCC(Nc1c(O)c(O)ncc1O)=O,0.34904584,0.34904584,1.0,1.0,35.413359116679025,0.34904584
568,O=C(Nc1cccnc1)C1CCN(S(=O)(=O)c2ccccc2)CC1,c1ccnc(O)c1NC(C1CCN(S(=O)(c2ccc(O)cc2)=O)CC1)=O,0.36690387,0.36690387,1.0,1.0,34.738347175410745,0.36690387
568,O=C(Nc1ccncc1)C1CCN(S(=O)(=O)c2ccccc2)CC1,C1C(C(=O)Nc2c(O)cnc(O)c2O)CCN(S(c2ccc(O)cc2)(=O)=O)C1,0.75184906,0.75184906,1.0,1.0,20.37170601958153,0.75184906
568,O=C(Nc1ccncc1)c1ccc(COc2ccccc2)o1,C(c1c(O)cc(C(=O)Nc2c(O)cnc(O)c2O)o1)Oc1cc(C)c(O)cc1,0.2208621,0.2208621,1.0,1.0,40.94986265614252,0.2208621
568,O=C(NCCc1ccccc1)Nc1cccnc1,O=C(Nc1c(O)c(O)c(O)nc1)NC[C@@H](c1ccc(SC)cc1)O,0.31522074,0.31522074,1.0,1.0,36.73871560175115,0.31522074
568,c1ccc(CNCc2ccncc2)cc1,c1cc(O)c(O)cc1CNCc1cc(O)ncc1,0.33476096,0.33476096,1.0,1.0,35.96485836813617,0.33476096
576,O=C1CCCCNC(SCCCC(=O)Nc2ccncc2)=N1,C(C)n1c(SCCCC(=O)Nc2c(O)c(O)ncc2O)=NC(=O)CCCC1,0.5288669,0.5288669,1.0,1.0,28.995945227331713,0.5288669
576,O=C(CCCSc1ncc(NC(=O)CCc2ccccc2)s1)Nc1ccncc1,n1c(O)c(NC([C@H](O)[C@H](O)c2ccc(SC)cc2)=O)sc1SCCCC(=O)Nc1c(O)c(O)ncc1O,0.5743475,0.5743475,1.0,1.0,27.397609570836313,0.5743475
576,O=C(CCCSc1cc(=O)cco1)Nc1ccncc1,n1c(O)c(O)c(NC(CCCSc2c(O)c(=O)cc(O)o2)=O)c(O)c1,0.778439,0.778439,1.0,1.0,19.08537434869774,0.778439
576,N=C(NCc1ccccc1)NCc1ccncc1,C(c1ccc(O)cc1O)NC(NCc1c(O)c(O)ncc1)=NC,0.5348174,0.5348174,1.0,1.0,28.78835881819383,0.5348174
576,O=C(Nc1ccncc1)C1=CCO1,C1C=C(C(Nc2c(O)c(O)ncc2O)=O)O1,0.20388246,0.20388246,1.0,1.0,41.83194644873738,0.20388246
576,O=C(Nc1cccnc1)c1cc[nH]c1,c1c(C(=O)Nc2c(O)ccnc2O)c(O)c(C)n1C,0.77481455,0.77481455,1.0,1.0,19.266850088613015,0.77481455
576,c1ccncc1,C(=O)(Cc1c([N+](=O)[O-])cnc(O)c1O)O,0.36074945,0.36074945,1.0,1.0,34.96930831244305,0.36074945
576,O=C(Cc1ccc(=O)oc1)Nc1cccnc1,O=C(Cc1c(O)cc(=O)oc1O)Nc1c(O)nccc1O,0.4396716,0.4396716,1.0,1.0,32.10628378682708,0.4396716
577,O=C(CCc1ccccc1)Nc1ccncc1,c1(O)c(NC([C@H](O)[C@@H](c2c(O)cc(O)cc2)O)=O)c(O)c(O)nc1,0.47213528,0.47213528,1.0,1.0,30.969123668118332,0.47213528
581,O=C(Nc1cccnc1)c1cccs1,N(=O)c1c(O)c(NC(c2sc(C#CCN)c(O)c2)=O)c(O)nc1,0.1070988,0.1070988,1.0,1.0,48.42037549505344,0.1070988
581,O=C(CCCSc1c[nH]c2cc(=O)cnn12)Nc1cccnc1,n1ccc(O)c(NC(CCCSc2cn(C)c3c(O)c(=O)cnn32)=O)c1O,0.45026654,0.45026654,1.0,1.0,31.733649835871137,0.45026654
581,c1ccncc1,S(C)CCCC(Nc1c(O)nccc1O)=O,0.42689312,0.42689312,1.0,1.0,32.5583290617642,0.42689312
581,O=C(Nc1cccnc1)c1cccs1,n1c(O)c(NC(c2cc(O)c(C#CCN)s2)=O)c(O)c(CCO)c1,0.38569734,0.38569734,1.0,1.0,34.04271527283971,0.38569734
586,O=C(c1cccs1)N1CCN(c2ccncc2)CC1,C1CN(C(c2cc(O)c(C#CCN)s2)=O)CCN1c1c(O)c(O)ncc1O,0.13460866,0.13460866,1.0,1.0,46.16279093529835,0.13460866
586,O=C(CCC[C@@H]1COCc2cc(=O)ccn21)Nc1ccncc1,n1c(O)c(O)c(NC(=O)CCC[C@@H]2COCc3n2cc(O)c(=O)c3O)c(O)c1,0.5695722,0.5695722,1.0,1.0,27.567030853751742,0.5695722
586,O=C(Nc1ccncc1)c1cccs1,C(CCl)#Cc1sc(C(=O)Nc2c(O)c(O)ncc2O)cc1O,0.43218684,0.43218684,1.0,1.0,32.37067862864829,0.43218684
586,O=C(CCCSc1c[nH]c2ncccc12)Nc1cccnc1,Oc1ccnc(O)c1NC(=O)CCCSc1cn(C)c2nccc(O)c21,0.524077,0.524077,1.0,1.0,29.162831371940516,0.524077
586,O=C(Nc1cccnc1)c1cc[nH]c1,c1c(C#N)c(O)c(NC(c2cn(C)c(C)c2O)=O)c(O)n1,0.31845596,0.31845596,1.0,1.0,36.608890166652586,0.31845596
591,O=C(CCCN1C(=O)CCC1=O)Nc1cccnc1,CC1(C)C(=O)N(CCCC(Nc2c(O)ncc([N+]([O-])=O)c2O)=O)C(=O)C1,0.4907146,0.4907146,1.0,1.0,30.322644582655684,0.4907146
591,O=C(Nc1ccncc1)c1ccccc1,Oc1ccc(C(=O)Nc2c(O)c(O)ncc2O)c(O)c1C#N,0.6190227,0.6190227,1.0,1.0,25.78384973148527,0.6190227
591,O=C(CCCSc1ccc(NC(=O)c2cccs2)s1)Nc1cccnc1,n1ccc(O)c(NC(CCCSc2sc(NC(c3sc(C#CCN)c(O)c3)=O)c(O)c2)=O)c1O,0.506419,0.506419,1.0,1.0,29.776968619118126,0.506419
591,c1ccncc1,N(c1c(O)ncc(C#N)c1O)C(=O)[C@@H](O)CO,0.45148444,0.45148444,1.0,1.0,31.690922715764856,0.45148444
591,c1ccncc1,[C@@H](C(=O)Nc1c(O)nccc1O)(CCSC)O,0.5891359,0.5891359,1.0,1.0,26.86965447484115,0.5891359
595,O=C(COc1ccccc1)Nc1ccncc1,Oc1c(NC(=O)[C@H](Oc2ccc(O)cc2)C)c(O)c(O)nc1,0.59188837,0.59188837,1.0,1.0,26.770784082104495,0.59188837
595,O=C(Nc1ccncc1)C1=CO1,O1C(C(=O)Nc2c(O)c(O)ncc2O)=C1O,0.18689251,0.18689251,1.0,1.0,42.77112105327105,0.18689251
595,O=C(CCCSc1cccc(=O)o1)Nc1cccnc1,c1(=O)ccc(O)c(SCCCC(=O)Nc2c(O)ccnc2O)o1,0.6846187,0.6846187,1.0,1.0,23.26774381860846,0.6846187
595,O=C(CCSc1cc(=O)cco1)Nc1cccnc1,C([C@@H](C(=O)Nc1c(O)c(C#N)cnc1O)CSc1c(O)c(=O)cc(O)o1)O,0.41854376,0.41854376,1.0,1.0,32.85552382377537,0.41854376
602,N=C(NCc1ccccc1)Nc1ccc(SCCCC(=O)Nc2ccncc2)s1,c1nc(O)c(O)c(NC(=O)CCCSc2sc(NC(NCc3c(O)cc(O)cc3)=NC)c(O)c2)c1O,0.80413884,0.80413884,1.0,1.0,17.732344695821524,0.80413884
602,c1ccncc1,C(c1c([N+](=O)[O-])cnc(O)c1)#N,0.65007687,0.65007687,1.0,1.0,24.620158512211635,0.65007687
602,N=C(NCc1ccccc1)Nc1ccncc1,CN=C(NCc1c(O)cc(O)cc1)Nc1c(O)c(O)ncc1O,0.66416985,0.66416985,1.0,1.0,24.07681060881483,0.66416985
602,O=C(NCCc1ccccc1)Nc1ccncc1,C(=O)(Nc1c(O)cnc(O)c1O)NC[C@H](c1ccc(SC)cc1)O,0.43480495,0.43480495,1.0,1.0,32.27807705556346,0.43480495
602,O=C(CCCSc1c[nH]c2ncc(=O)sc12)Nc1cccnc1,Oc1c(C#N)cnc(O)c1NC(=O)CCCSc1cn(C)c2ncc(=O)sc21,0.55057335,0.55057335,1.0,1.0,28.236872116918292,0.55057335
602,c1ccncc1,c1nc(O)c(O)c(NC([C@H](O)CO)=O)c1O,0.41055492,0.41055492,1.0,1.0,33.14144224053649,0.41055492
602,c1cc(CNC2CCOCC2)ccn1,C1(NCc2c(O)c(O)ncc2)CCOCC1,0.4820288,0.4820288,1.0,1.0,30.624652342343243,0.4820288
604,O=C(CCCSc1cc(=O)cco1)Nc1cccnc1,c1nc(O)c(NC(=O)CCCSc2oc(O)cc(=O)c2O)c(O)c1C#N,0.61880225,0.61880225,1.0,1.0,25.791969704082685,0.61880225
604,O=C(COc1ccccc1)Nc1ccncc1,CC[C@H](C(=O)Nc1c(O)cnc(O)c1O)Oc1ccc(O)cc1,0.15695514,0.15695514,1.0,1.0,44.60150343816724,0.15695514
605,C(=NCc1ccccc1)Nc1ccncc1,N(=C(N)Nc1c(O)c(O)ncc1O)Cc1c(O)cc(O)cc1,0.5845235,0.5845235,1.0,1.0,27.034890269534838,0.5845235
607,O=C(COc1ccccc1)Nc1cccnc1,c1cc(O[C@H](C(Nc2c(O)ccnc2O)=O)C)c(O)cc1,0.5045461,0.5045461,1.0,1.0,29.842047626667277,0.5045461
607,N=c1cc(SCCCC(=O)Nc2cccnc2)ss1,Oc1nccc(O)c1NC(CCCSc1c(SC)c(=N)ss1)=O,0.70340705,0.70340705,1.0,1.0,22.499082363458413,0.70340705
611,O=C(CCCC1COCc2cc(=O)ccn21)Nc1ccncc1,c1(=O)c(O)cn2c(c1O)COCC2CCCC(=O)Nc1c(O)cnc(O)c1O,0.43889558,0.43889558,1.0,1.0,32.13364947499465,0.43889558
611,c1ccncc1,CCCNC(CCC(=O)Nc1c(O)ncc(C#N)c1O)=O,0.43073577,0.43073577,1.0,1.0,32.42205910437328,0.43073577
611,O=C(CCc1cccs1)Nc1cccnc1,C(CN)#Cc1c(O)cc(C([C@H](O)C(Nc2cccnc2O)=O)O)s1,0.6492506,0.6492506,1.0,1.0,24.651690863275032,0.6492506
611,O=C(CCCSc1ccccc1)Nc1cccnc1,c1(SCCCC(=O)Nc2c(O)ccnc2O)cc(O)ccc1O,0.76833963,0.76833963,1.0,1.0,19.585970031651808,0.76833963
616,O=c1ccn2c(c1)CN(Cc1ccncc1)CC2,c1(O)c(=O)c(O)c2n(c1)CCN(Cc1ccnc(O)c1)C2,0.46408433,0.46408433,1.0,1.0,31.24999063360995,0.46408433
616,c1ccncc1,FC(CNC(=O)[C@H](C(C)(C)C)CC(Nc1c(O)ncc(C#N)c1O)=O)(F)F,0.22779949,0.22779949,1.0,1.0,40.603546452503714,0.22779949
616,c1ccncc1,Oc1c(O)c(C#N)cnc1O,0.35301116,0.35301116,1.0,1.0,35.26216698399083,0.35301116
616,c1ccncc1,CN=C(NCc1ccnc(O)c1O)NC(=NC)N,0.62287825,0.62287825,1.0,1.0,25.641568233343722,0.62287825
616,O=C(Nc1cccnc1)C1=CO1,c1nc(O)c(NC(C2=C(O)O2)=O)c(O)c1,0.6875914,0.6875914,1.0,1.0,23.147851858499177,0.6875914
620,c1ccncc1,Nc1c(O)ncc(C#N)c1O,0.31357178,0.31357178,1.0,1.0,36.805162579942106,0.31357178
620,O=C1OCCN1Cc1ccncc1,O=C(CCC[C@@H]1COC(=O)N1Cc1cc(O)ncc1)O,0.4308892,0.4308892,1.0,1.0,32.41662487233305,0.4308892
620,O=C(CCCC1COCc2cc(=O)ccn21)Nc1cccnc1,c1(=O)c(O)cn2c(c1O)COCC2CCCC(Nc1c(O)ncc(C#N)c1O)=O,0.56741184,0.56741184,1.0,1.0,27.643524258628823,0.56741184
620,O=C(CCCSc1cc(=O)cc[nH]1)Nc1cccnc1,c1c(=O)c(O)c(SCCCC(=O)Nc2c(O)nccc2O)n(O)c1,0.7125424,0.7125424,1.0,1.0,22.115259918550393,0.7125424
625,O=C(Nc1cccnc1)c1cccs1,FC(c1c(O)c(NC(c2cc(O)c(C#CCN)s2)=O)c(O)nc1)(F)F,0.45378035,0.45378035,1.0,1.0,31.610432075514915,0.45378035
625,O=C(CCCSc1ncc(NC(=O)CCCSc2cc(=O)cco2)s1)Nc1cccnc1,C(CCC(Nc1c(O)nccc1O)=O)Sc1nc(O)c(NC(CCCSc2c(O)c(=O)cc(O)o2)=O)s1,0.5202666,0.5202666,1.0,1.0,29.295480599665243,0.5202666
625,O=C(CCC[C@@H]1OCCn2cccc21)Nc1cccnc1,c1(NC(CCC[C@H]2c3n(ccc3)C[C@H](C)O2)=O)c(O)c(C#N)cnc1O,0.7389862,0.7389862,1.0,1.0,20.96054208475817,0.7389862
625,O=C(Nc1ccc(C(=O)Nc2ccncc2)s1)c1cccs1,NCC#Cc1c(O)c(NC(c2cc(O)c(C#CCN)s2)=O)sc1C(=O)Nc1c(O)cnc(O)c1O,0.2521922,0.2521922,1.0,1.0,39.441166728019,0.2521922
625,c1ccncc1,O=C(Cc1c(O)ncc([N+](=O)[O-])c1)O,0.4196629,0.4196629,1.0,1.0,32.81559539594095,0.4196629
628,c1ccncc1,C#CCCCC(=O)Nc1c(O)ncc(C#N)c1O,0.0,0.0,1.0,1.0,1000.0,0.0
628,c1ccncc1,N(C(=O)CCC(=O)Nc1c(O)nccc1O)CCN,0.359935,0.359935,1.0,1.0,35.0,0.359935
628,O=C(NCc1ccncc1)c1cccs1,C(CN)#Cc1c(O)cc(C(=O)NCc2c(O)c(O)ncc2)s1,0.017472092,0.017472092,1.0,1.0,65.0,0.017472092
629,O=C(CCCSc1nc2ccccc2c(=O)s1)Nc1cccnc1,c1(=O)c2c(O)c(C#N)c(O)c(O)c2nc(SCCCC(Nc2cccnc2O)=O)s1,0.5676397,0.5676397,1.0,1.0,27.6354607618932,0.5676397
632,c1ccncc1,n1c(O)c(O)c(C#N)c(Cl)c1,0.5218654,0.5218654,1.0,1.0,29.239833059502434,0.5218654
632,O=C(Nc1ccncc1)c1cccs1,c1cc(C#CCN)sc1C(Nc1c(O)cnc(O)c1O)=O,0.86410147,0.86410147,1.0,1.0,13.933000733778794,0.86410147
632,O=C(NCCc1ccccc1)Nc1cccnc1,O[C@@H](c1ccc(SC)cc1)CNC(=O)Nc1c(O)ncc(C#N)c1O,0.81073743,0.81073743,1.0,1.0,17.36368915491254,0.81073743
634,O=C(CSc1cc(=O)cco1)Nc1cccnc1,c1(O)c(NC(=O)[C@@H](Sc2c(O)c(=O)cc(O)o2)C)c(O)ccn1,0.4319069,0.4319069,1.0,1.0,32.38058700323871,0.4319069
634,O=C(CCCSc1cc(=O)ccs1)Nc1cccnc1,s1c(SCCCC(=O)Nc2c(O)nccc2O)c(O)c(=O)cc1O,0.6890706,0.6890706,1.0,1.0,23.087962354297414,0.6890706
637,O=C(Nc1cccnc1)c1cccs1,C(c1cnc(O)c(NC(=O)c2sc(C#CCN)cc2)c1O)#N,0.4464611,0.4464611,1.0,1.0,31.86729052854883,0.4464611
637,N=c1[nH]c(=O)cc(SCCCC(=O)Nc2cccnc2)s1,S(c1sc(=N)n(N)c(=O)c1)CCCC(=O)Nc1c(O)ccnc1O,0.6962876,0.6962876,1.0,1.0,22.793478433206637,0.6962876
637,O=C(Nc1ccncc1)c1cccs1,c1c(C(=O)Nc2c(O)c(O)ncc2O)sc(C#CCN)c1C,0.3315604,0.3315604,1.0,1.0,36.089990032372754,0.3315604
640,O=C(CCC[C@H]1COCc2cc(=O)ccn21)Nc1cccnc1,C(CC(Nc1c(O)c(C#N)cnc1O)=O)C[C@H]1COCc2n1cc(O)c(=O)c2O,0.77966887,0.77966887,1.0,1.0,19.023313661723343,0.77966887
640,O=C(Nc1cccnc1)c1cccs1,n1c(O)c(NC(=O)c2cc(O)c(C#CCN)s2)cc(CO)c1,0.35044485,0.35044485,1.0,1.0,35.35992668495121,0.35044485
640,N=C(NCc1ccccc1)Nc1cccnc1,Oc1c(NC(=NC)NCc2ccc(O)cc2O)c(O)ncc1C#N,0.5112911,0.5112911,1.0,1.0,29.607641462644974,0.5112911
642,O=C(Nc1cccnc1)C1=CO1,C1(O)=C(C(Nc2c(O)c(C#CCN)cnc2O)=O)O1,0.51145226,0.51145226,1.0,1.0,29.602037803037188,0.51145226
642,O=C(Nc1cccnc1)c1cccs1,Oc1c(NC(c2ccc(C#CCN)s2)=O)c(O)ncc1C#CCN,0.4629513,0.4629513,1.0,1.0,31.289567656163317,0.4629513
647,O=C(Nc1cccnc1)c1cccs1,OCC#Cc1cnc(O)c(NC(=O)c2cc(O)c(C#CCN)s2)c1O,0.19726352,0.19726352,1.0,1.0,42.19052418749731,0.19726352
647,O=C(CCCSc1ccoc(=O)c1)Nc1cccnc1,c1c(=O)oc(O)cc1SCCCC(=O)Nc1c(O)ccnc1O,0.7446329,0.7446329,1.0,1.0,20.704455468401086,0.7446329
647,O=C(CCC[C@H]1COCc2cc(=O)ccn21)Nc1cccnc1,C(c1c(O)c(NC(CCC[C@@H]2n3c(c(O)c(=O)c(O)c3)COC2)=O)c(O)nc1)#CCN,0.25654122,0.25654122,1.0,1.0,39.24199522095129,0.25654122
647,O=C(Nc1cccnc1)c1nccs1,Oc1c(C#CCN)sc(C(Nc2c(O)ncc(C#CCN)c2O)=O)n1,0.20733282,0.20733282,1.0,1.0,41.64845640342651,0.20733282
647,O=C(Nc1cccnc1)c1ccco1,C(c1oc(C(Nc2c(O)c(C#CCN)cnc2O)=O)cc1O)#CCN,0.5769089,0.5769089,1.0,1.0,27.306532845770313,0.5769089
649,O=C(Nc1cccnc1)c1cccs1,OCc1c(O)cc(C(=O)Nc2c(O)ncc(C#CCN)c2O)s1,0.024708051,0.024708051,1.0,1.0,61.925923050179655,0.024708051
649,O=C(CCC[C@@H]1COCc2cc(=O)ccn21)Nc1cccnc1,c1(NC(=O)CCC[C@H]2n3c(c(O)c(=O)c(O)c3)COC2)c(O)ccnc1O,0.70516473,0.70516473,1.0,1.0,22.425776706705808,0.70516473
650,c1ccc(Oc2cccnc2)cc1,O(c1c(O)ncc(O)c1)c1c(CN)ccc(O)c1O,0.5341701,0.5341701,1.0,1.0,28.81095543436521,0.5341701
651,O=C(Nc1ccncc1)c1cccs1,Brc1c(O)c(NC(=O)c2sc(C#CCN)c(O)c2)c(O)c(O)n1,0.39086366,0.39086366,1.0,1.0,33.853784720397805,0.39086366
652,O=C(CCC[C@@H]1CCc2cc(=O)ccn21)Nc1cccnc1,N(c1c(O)c(C#N)cnc1O)C(CCC[C@H]1n2c(c(O)c(=O)c(O)c2)CC1)=O,0.4297605,0.4297605,1.0,1.0,32.45661605111115,0.4297605
653,O=C(Nc1ccncc1)c1ccccc1,c1(C#CCN)c(O)cc(C(=O)Nc2c(O)cnc(O)c2O)cc1,0.21256533,0.21256533,1.0,1.0,41.37444184138791,0.21256533
654,O=C(CCCSc1cc(=O)cco1)Nc1cccnc1,c1c(O)c(NC(=O)CCCSc2c(O)c(=O)c(O)co2)c(O)nc1,0.5275499,0.5275499,1.0,1.0,29.041847545336278,0.5275499
655,O=C(CCC[C@@H]1OCCn2cccc21)Nc1cccnc1,N#Cc1c(O)c(NC(CCC[C@H]2c3n(ccc3)C[C@@H](C)O2)=O)c(O)nc1,0.3312745,0.3312745,1.0,1.0,36.10119735157049,0.3312745
656,O=C(Nc1ccncc1)c1ccc([C@H]2N[C@@H](c3ccccc3)C3=C(CCCC3)OC2=O)o1,N(C(c1cc(O)c([C@@H]2C(=O)OC3=C([C@H](c4c(O)cc(O)cc4)N2)CCCC3)o1)=O)c1c(O)cnc(O)c1O,0.5448821,0.5448821,1.0,1.0,28.43642640476564,0.5448821
657,O=C(Nc1ccncc1)c1ccns1,c1(C(=O)Nc2c(O)cnc(O)c2O)snc(O)c1O,0.5023682,0.5023682,1.0,1.0,29.91771899414112,0.5023682
658,c1cc(CN2CCOCC2)ccn1,C1N(Cc2c(O)c(O)ncc2)CCOC1,0.45371914,0.45371914,1.0,1.0,31.612578157924347,0.45371914
659,O=C(CCCSc1cccs1)Nc1cccnc1,c1(O)cc(SCCCC(=O)Nc2c(O)ccnc2O)sc1,0.42820832,0.42820832,1.0,1.0,32.5116549070828,0.42820832
661,O=C(Nc1ccncc1)c1cccs1,C(#Cc1c(O)cc(C(Nc2c(O)cnc(O)c2O)=O)s1)CO,0.49039757,0.49039757,1.0,1.0,30.33366364904021,0.49039757
661,c1csc(CNc2ccncc2)c1,C(C#Cc1c(O)cc(C(Nc2c(O)cnc(O)c2O)C)s1)N,0.48303396,0.48303396,1.0,1.0,30.589687514453612,0.48303396
662,c1ccncc1,N[C@H](C(=O)Nc1c(O)c(O)ncc1O)CCSC,0.37937528,0.37937528,1.0,1.0,34.27520125789085,0.37937528
663,O=C(Nc1ccncc1)c1ccco1,c1(C#CCN)oc(C(=O)Nc2c(O)cnc(O)c2O)cc1,0.2606946,0.2606946,1.0,1.0,39.05383650515055,0.2606946
664,O=C(Nc1ccncc1)c1cccs1,c1sc(C(Nc2c(O)cnc(O)c2O)=O)cc1O,0.6097242,0.6097242,1.0,1.0,26.124763078555684,0.6097242
665,O=C(Nc1ccncc1)c1cccs1,C(#Cc1sc(C(Nc2c(O)c(O)ncc2O)=O)cc1)CO,0.43092853,0.43092853,1.0,1.0,32.415231801301296,0.43092853
666,C(#Cc1cccs1)C[NH2+]Cc1ccncc1,c1c(O)c(C#CC[N+](C)(C)Cc2ccnc(O)c2)sc1,0.068835855,0.068835855,1.0,1.0,52.62423088935926,0.068835855
668,O=C(Nc1ccncc1)c1cccs1,O=C(c1sc(C#CO)c(O)c1)Nc1c(O)cnc(O)c1O,0.092199765,0.092199765,1.0,1.0,49.86520978399229,0.092199765
668,O=C(Nc1ccncc1)[C@H]1CO1,C([C@H]1CO1)(Nc1c(O)cnc(O)c1O)=O,0.6009703,0.6009703,1.0,1.0,26.443042158892084,0.6009703
669,O=C(Nc1ccncc1)c1cccs1,c1(NC(c2cc(O)c(C#CCN)s2)=O)c(O)c(O)ncc1,0.5381994,0.5381994,1.0,1.0,28.67022388462354,0.5381994
671,O=C(Nc1ccncc1)c1cccs1,C(F)(F)(c1cc(C(=O)Nc2c(O)cnc(O)c2O)sc1)F,0.4804157,0.4804157,1.0,1.0,30.680776789701213,0.4804157
671,O=C(Nc1ccncc1)c1cccs1,c1(NC(c2ccc(C#CCN)s2)=O)c(O)c(O)ncc1,0.20692386,0.20692386,1.0,1.0,41.67008665499029,0.20692386
672,O=C(Nc1ccncc1)c1cccs1,Oc1c(C(=O)Nc2c(O)cnc(O)c2O)sc(C#CCN)c1,0.76535124,0.76535124,1.0,1.0,19.731150623562627,0.76535124
673,O=C(Nc1cccnc1)c1cccs1,c1(NC(=O)c2ccc(C#CCN)s2)c(O)ccnc1O,0.50198084,0.50198084,1.0,1.0,29.93117907236324,0.50198084
674,O=C(Nc1cccnc1)c1cccs1,c1nc(O)c(C#CCN)c(O)c1NC(c1sc(C#CCN)cc1)=O,0.36642137,0.36642137,1.0,1.0,34.75639434789773,0.36642137
675,c1csc(CNc2ccncc2)c1,Oc1ncc(O)c(NCc2sc(C#CCN)c(O)c2)c1O,0.46809974,0.46809974,1.0,1.0,31.109836392596517,0.46809974
676,S=C(NCCc1ccccc1)Nc1ccncc1,n1cc(O)c(NC(=S)NC[C@H](c2ccc(SC)cc2)O)c(O)c1O,0.45341313,0.45341313,1.0,1.0,31.623302294836115,0.45341313
677,O=C(Nc1ccncc1)c1cc[nH]c1,Oc1ncc(O)c(NC(c2c(O)c(C)n(C)c2)=O)c1O,0.38550597,0.38550597,1.0,1.0,34.0497308287784,0.38550597
678,O=C(CCC#C[C@@H]1Oc2ccccc21)Nc1ccncc1,C(#C[C@H]1c2c(O)c(C#CCN)cc(O)c2O1)CCC(=O)Nc1c(O)cnc(O)c1O,0.5381531,0.5381531,1.0,1.0,28.671842859057897,0.5381531
679,O=C(Nc1ccncc1)[C@H]1CCN1,[C@H]1(C(=O)Nc2c(O)cnc(O)c2O)CCN1,0.3663947,0.3663947,1.0,1.0,34.75739208795933,0.3663947
680,O=C(Nc1ccncc1)c1cccs1,NCc1sc(C(Nc2c(O)c(O)ncc2O)=O)cc1,0.17371522,0.17371522,1.0,1.0,43.54583797486084,0.17371522
681,O=C(Nc1ccncc1)n1cccc1,C(n1c(O)c(O)cc1)(Nc1c(O)cnc(O)c1O)=O,0.591867,0.591867,1.0,1.0,26.77154964366377,0.591867
682,O=C(Nc1ccncc1)[C@@H]1CCO1,[C@@H]1(C(Nc2c(O)cnc(O)c2O)=O)CCO1,0.713204,0.713204,1.0,1.0,22.087185144685346,0.713204
683,O=C(Nc1ccncc1)c1cccs1,c1c(C#CCN)sc(C(Nc2c(O)cnc(O)c2O)=O)c1F,0.43673882,0.43673882,1.0,1.0,32.20976009910992,0.43673882
684,O=C(Nc1ccncc1)c1cccs1,s1c(CNCCC)ccc1C(=O)Nc1c(O)c(O)ncc1O,0.22761236,0.22761236,1.0,1.0,40.61278966704118,0.22761236
685,O=C(Nc1ccncc1)c1cccs1,c1c(NC(=O)c2sc(C#CCN)cc2)c(O)cnc1O,0.73499036,0.73499036,1.0,1.0,21.139601913190134,0.73499036
686,O=C(Nc1ccncc1)c1cccs1,O=C(O)c1ccc(C(=O)Nc2c(O)c(O)ncc2O)s1,0.55071104,0.55071104,1.0,1.0,28.23204029397842,0.55071104
687,c1csc(CNc2ccncc2)c1,s1c(CNc2c(O)cnc(O)c2O)ccc1C#CCN,0.47007167,0.47007167,1.0,1.0,31.041061354238057,0.47007167
688,O=C(Nc1ccncc1)c1cccs1,c1cc(CO)sc1C(Nc1c(O)cnc(O)c1O)=O,0.6978525,0.6978525,1.0,1.0,22.729108511363886,0.6978525
689,O=C(Nc1ccncc1)c1cccs1,C(NC)c1ccc(C(=O)Nc2c(O)c(O)ncc2O)s1,0.4961708,0.4961708,1.0,1.0,30.133042595078944,0.4961708
690,O=C(NCCn1ccccc1=O)Nc1cccnc1,C(n1cc(O)c(O)cc1=O)CNC(=O)Nc1c(O)ncc(C#N)c1O,0.64907014,0.64907014,1.0,1.0,24.658574642226647,0.64907014
692,O=C(Nc1ccncc1)c1cccs1,C(=O)(NC)c1ccc(C(Nc2c(O)c(O)ncc2O)=O)s1,0.5464982,0.5464982,1.0,1.0,28.379806224931187,0.5464982
692,O=C(CCCSc1cc(=O)ccs1)Nc1cccnc1,c1(O)sc(SCCCC(Nc2c(O)ncc(C#N)c2O)=O)cc(=O)c1O,0.412311,0.412311,1.0,1.0,33.07845283954389,0.412311
693,O=C(Nc1ccncc1)C1CCNCC1,O=C(N1CCC(C(=O)Nc2c(O)c(O)ncc2O)CC1)C,0.33006537,0.33006537,1.0,1.0,36.14864961799277,0.33006537
694,O=C(Nc1ccncc1)c1cc[nH]n1,n1cc(O)c(NC(=O)c2nn(C)cc2O)c(O)c1O,0.5821813,0.5821813,1.0,1.0,27.11859375829921,0.5821813
695,O=C(Nc1ccncc1)c1cccs1,C(=O)(OC)c1sc(C(Nc2c(O)cnc(O)c2O)=O)cc1,0.8682328,0.8682328,1.0,1.0,13.623425209832098,0.8682328
696,O=C(Nc1ccncc1)c1ccccc1,Oc1c(NC(c2ccc(C(N(C)C)=O)cc2)=O)c(O)c(O)nc1,0.5796183,0.5796183,1.0,1.0,27.210034438845693,0.5796183
697,O=C(NCCn1ncccc1=O)Nc1ccncc1,C(n1nc(O)c(O)cc1=O)CNC(=O)Nc1c(O)c(O)ncc1O,0.41134292,0.41134292,1.0,1.0,33.11316666363205,0.41134292
699,O=C(Nc1ccncc1)c1ccccc1,c1c(C(=O)OC)ccc(C(Nc2c(O)c(O)ncc2O)=O)c1,0.5202437,0.5202437,1.0,1.0,29.296277536687445,0.5202437
699,O=C(NCCSc1cc(=O)cco1)Nc1ccncc1,C(Sc1c(O)c(=O)cc(O)o1)CNC(Nc1c(O)c(O)ncc1O)=O,0.66417176,0.66417176,1.0,1.0,24.076735307671715,0.66417176
700,O=C(Nc1cccnc1)c1cccs1,Oc1c(NC(c2sc(C#CCN)cc2)=O)c(O)c(O)cn1,0.3908222,0.3908222,1.0,1.0,33.85529701823504,0.3908222
701,O=C(Nc1ccncc1)c1ccccc1,c1(NC(c2ccc(C#CCN)cc2)=O)c(O)cnc(O)c1O,0.74897987,0.74897987,1.0,1.0,20.504769403566655,0.74897987
